Network,Station,Latitude,Longitude,Elevation,Sitename,StartTime,EndTime
AZ,ASBS,33.6208,-116.4664,1400.0,"Asbestos Mountain, Riverside CO., CA, USA",1996-04-24T00:00:00.0,1997-06-17T23:59:59.0
AZ,BVA1,33.3265,-116.365501,0.0,"Borrego Valley (UCSB) 1, San Diego, CA, USA",2003-03-27T00:00:00.0,2003-05-14T00:00:00.0
AZ,BVA2,33.3265,-116.365501,0.0,"Borrego Valley (UCSB) 2, San Diego, CA, USA",2003-03-27T00:00:00.0,2003-05-14T00:00:00.0
AZ,BZN,33.491501,-116.667,1301.0,"Buzz Northerns Place, Anza, CA, USA",1983-01-20T00:00:00.0,2599-12-31T23:59:59.0
AZ,CPE,32.888901,-117.105103,150.0,"Camp Elliot, Miramar, CA, USA",2004-05-04T00:00:00.0,2599-12-31T23:59:59.0
AZ,CRON,33.6118,-116.4597,1268.0,"Test Station, Pinon Flats, CA, USA",2003-11-26T00:00:00.0,2004-01-23T23:59:59.0
AZ,CRY,33.565399,-116.737297,1128.0,"Cary Ranch, Anza, CA, USA",1982-10-01T00:00:00.0,2599-12-31T23:59:59.0
AZ,ELKS,33.581299,-116.4496,1169.0,"Elks Lodge, Riverside CO., CA, USA",1996-04-27T00:00:00.0,1997-06-17T23:59:59.0
AZ,FLV2,32.9114,-117.061897,278.0,"Frank Vernon Residence, Scripps Ranch, CA, USA",2002-08-14T00:00:00.0,2003-10-26T23:59:59.0
AZ,FRD,33.494701,-116.602203,1164.0,"Ford Ranch, Anza, CA, USA",1982-10-01T00:00:00.0,2599-12-31T23:59:59.0
AZ,FSE,33.005699,-116.592598,1708.0,"Frieder Seible's Residence, North Peak, CA, USA",2002-07-27T00:00:00.0,2003-10-27T23:59:59.0
AZ,GLA,33.051201,-114.827003,579.0,"Glamis, CA, USA",2000-11-06T00:00:00.0,2001-05-31T23:59:59.0
AZ,GLAC,33.601398,-116.478104,1169.0,"Glacier Pass, Riverside CO., CA, USA",1996-04-26T00:00:00.0,1997-06-17T23:59:59.0
AZ,HWB,33.026199,-116.959602,478.0,"Hans Werner Braun Residence, San Diego, CA, USA",2002-02-07T00:00:00.0,2015-05-12T23:59:59.0
AZ,IWR,33.729401,-116.767601,1464.0,"Idyllwild Water Reclamation, Idyllwild, CA, USA",2012-07-18T00:00:00.0,2015-03-07T23:59:59.0
AZ,JOHN,33.611801,-116.459702,1268.0,"Test station, Pinon Flats, CA, USA",2002-11-19T00:00:00.0,2002-12-22T23:59:59.0
AZ,JOSE,33.611801,-116.459702,1268.0,"Test station, Pinon Flats, CA, USA",2002-08-16T00:00:00.0,2002-08-27T23:59:59.0
AZ,KNW,33.7141,-116.7119,1507.0,"Keenwild Fire Station, Mountain Center, CA, USA",1982-10-01T00:00:00.0,2599-12-31T23:59:59.0
AZ,LVA2,33.351601,-116.561501,1435.0,"Lost Valley Scout Camp, CA, USA",1993-04-18T00:00:00.0,2599-12-31T23:59:59.0
AZ,MONP,32.8927,-116.422501,1920.0,"Monument Peak, Mt. Laguna, CA, USA",1998-02-02T00:00:00.0,2007-11-06T23:59:59.0
AZ,MONP2,32.891998,-116.422302,1875.0,"Monument Peak TA Vault, Mt. Laguna, CA, USA",2007-09-15T00:00:00.0,2599-12-31T23:59:59.0
AZ,PFBH,33.611698,-116.459396,1259.0,"Pinyon Flat Borehole, PFO, CA, USA",1993-11-04T00:00:00.0,1993-12-21T23:59:59.0
AZ,PFO,33.611698,-116.459396,1259.0,"Pinyon Flats Observatory, CA, USA",1982-10-01T00:00:00.0,2599-12-31T23:59:59.0
AZ,RDM,33.630001,-116.847801,1365.0,"Red Mountain, Riverside Co, CA, USA",1982-10-01T00:00:00.0,2599-12-31T23:59:59.0
AZ,RRSP,33.651501,-116.739403,1610.0,"Rouse Ridge, CA, USA",2013-01-24T00:00:00.0,2599-12-31T23:59:59.0
AZ,SCI2,32.915,-118.4879,486.0,"San Clemente Island, CA, USA",2002-09-23T00:00:00.0,2020-01-20T23:59:59.0
AZ,SCV1,33.611801,-116.459702,1268.0,"Super Conducting Vault Test site,  Pinyon Flat, CA",2003-06-10T00:00:00.0,2005-03-31T23:59:59.0
AZ,SCV2,33.611801,-116.459702,1268.0,"Super Conducting Vault Test site,  Pinyon Flat, CA",2003-06-10T00:00:00.0,2005-03-31T23:59:59.0
AZ,SHUM,33.632702,-116.444504,1195.0,"Shumway Ranch, Riverside CO., CA, USA",1996-04-23T00:00:00.0,1997-06-17T23:59:59.0
AZ,SIO5,32.840698,-117.249702,217.0,"Mt. Soledad, La Jolla, CA",2017-05-23T00:00:00.0,2599-12-31T23:59:59.0
AZ,SMER,33.457699,-117.170799,355.7,"Santa Margarita Ecological Reserve, CA, USA",2002-02-09T00:00:00.0,2599-12-31T23:59:59.0
AZ,SMER2,33.457699,-117.170799,355.0,"Santa Margarita Ecological Reserve, CA, USA",2002-08-21T00:00:00.0,2004-02-25T23:59:59.0
AZ,SMTC,32.944901,-115.799896,100.0,"Superstition Mt., San Diego CO., CA, USA",1998-02-02T00:00:00.0,2001-05-31T23:59:59.0
AZ,SND,33.551899,-116.6129,1358.0,"Jim Saunders Place, Anza, CA, USA",1982-10-01T00:00:00.0,2599-12-31T23:59:59.0
AZ,SOL,32.841,-117.248001,245.0,"Mt. Soledad, San Diego, CA",1996-02-09T00:00:00.0,2017-05-23T23:59:59.0
AZ,ST2C,33.611801,-116.459702,1268.0,"STS2 Test, PFO, CA, USA",2003-10-22T00:00:00.0,2005-10-22T23:59:59.0
AZ,STS2,33.611801,-116.459702,1268.0,"PFO test site, Pinyon Flats, CA, USA",2002-05-19T00:00:00.0,2599-12-31T23:59:59.0
AZ,TMSP,33.619202,-116.680901,2077.0,"TMSP, CA, USA",2013-02-03T00:00:00.0,2599-12-31T23:59:59.0
AZ,TRIL,33.611801,-116.459702,1268.0,"Test station, Pinon Flats, CA, USA",2002-05-18T00:00:00.0,2003-06-10T23:59:59.0
AZ,TRO,33.5234,-116.4257,2628.0,"Toro Peak, Riverside Co, CA, USA",1982-10-01T00:00:00.0,2599-12-31T23:59:59.0
AZ,WMC,33.573601,-116.674698,1271.0,"Walmic Ranch, Anza, CA, USA",1983-09-16T00:00:00.0,2599-12-31T23:59:59.0
AZ,YAQ,33.166599,-116.353897,430.0,"Yaqui Meadows, Borrego Springs, CA, USA",1998-02-02T00:00:00.0,2006-10-22T23:59:59.0
BC,CORX,32.4154,-117.2482,74.2,Isla Coronado,2018-05-18T00:00:00.0,2599-12-31T23:59:59.0
BC,CPX,32.4195,-115.305,192.0,CERRO PRIETO,2009-10-30T20:00:00.0,2599-12-31T23:59:59.0
BC,JARAX,32.5378,-115.581497,0.0,Ejido Heriberto Jara,2015-06-18T00:00:00.0,2599-12-31T23:59:59.0
BC,PESCX,32.4338,-114.964897,0.0,Pescaderos la 14,2015-06-24T00:00:00.0,2599-12-31T23:59:59.0
BC,RMX,32.5535,-116.0288,1278.0,Rumorosa,2011-10-11T00:00:00.0,2599-12-31T23:59:59.0
BC,SLRCX,32.457901,-114.704903,47.0,San Luis Rio Colorado,2015-06-05T23:46:32.0,2599-12-31T23:59:59.0
BC,SLRX,32.458851,-114.706001,49.0,San Luis Rio Colorado,2014-06-13T20:30:00.0,2015-06-02T20:00:00.0
BC,TJX,32.51017,-117.054298,210.0,Tijuana,2011-08-08T00:00:00.0,2599-12-31T23:59:59.0
BC,TKX,32.5687,-116.6075,541.0,Tecate,2011-10-11T00:00:00.0,2599-12-31T23:59:59.0
BC,TLX,32.448,-115.0587,15.0,Tlaxcala,2013-05-22T00:00:00.0,2599-12-31T23:59:59.0
BC,UABX,32.6316,-115.4447,44.3,UABC Campus Mexicali,2011-06-30T00:00:00.0,2599-12-31T23:59:59.0
BC,YUCAX,32.6054,-115.009399,0.0,Ejido Yucatan,2015-06-22T00:00:00.0,2599-12-31T23:59:59.0
II,PFO,33.6092,-116.4553,1280.0,"Pinon Flat, California, USA",1986-10-24T00:00:00.0,2006-07-12T23:59:59.0
II,PFO,33.6107,-116.4555,1280.0,"Pinon Flat, California, USA",2006-07-13T00:00:00.0,2599-12-31T23:59:59.0
II,XPF,33.6092,-116.4533,1280.0,"Pinon Flat, California, USA",1993-12-15T00:00:00.0,2005-12-31T23:59:59.0
II,XPF,33.6107,-116.4555,1280.0,"Pinon Flat, California, USA",2006-01-01T00:00:00.0,2007-06-26T17:59:59.0
II,XPFO,33.6107,-116.4555,1280.0,"Pinon Flat, California, USA",2007-06-26T00:00:00.0,2599-12-31T23:59:59.0
IM,NV31,38.4328,-118.155403,1509.0,"NVAR Array Site 31, Mina, NV, USA",1972-01-03T00:00:00.0,2599-12-31T23:59:59.0
IM,NV32,38.334301,-118.2995,1829.0,"NVAR Array, Mina, NV, USA",1970-01-24T00:00:00.0,2008-01-08T17:59:00.0
IM,NV33,38.485001,-118.418297,1920.0,"NVAR Array, Mina, NV, USA",1970-01-24T00:00:00.0,2008-01-08T17:59:00.0
NN,BEK,39.8666,-120.359596,1743.0,"Beckworth, California w84",1996-10-02T00:00:00.0,2599-12-31T23:59:59.0
NN,BFC,38.8938,-119.6094,1744.0,"Buffalo Canyon, Nevada  w84gm",1978-02-28T00:00:00.0,2599-12-31T23:59:59.0
NN,BRH5,39.054401,-118.035599,1603.0,"Broken Hills, NV, USA",2016-01-11T00:00:00.0,2599-12-31T23:59:59.0
NN,BRS2,38.526402,-117.6306,1732.0,"Black Rock Springs, NV, USA",2016-01-11T00:00:00.0,2599-12-31T23:59:59.0
NN,CMK6,39.3102,-118.1193,1332.0,"Chalk Mountain, Churchill County, NV, USA",2015-11-20T00:00:00.0,2599-12-31T23:59:59.0
NN,COLR,41.9582,-119.7905,1482.0,"Coleman Ranch, NV portable",2014-11-18T00:00:00.0,2018-02-06T23:59:59.0
NN,CTC,39.207699,-120.125999,2147.0,N. Tahoe City Carnelian Bay,2014-08-08T00:00:00.0,2599-12-31T23:59:59.0
NN,DSP,37.368,-117.972198,1692.0,"Deep Springs, California w84gm",2015-09-11T00:00:00.0,2599-12-31T23:59:59.0
NN,EMB,38.9744,-120.102898,2134.2,"Emerald Bay, California w84",1984-11-01T00:00:00.0,2599-12-31T23:59:59.0
NN,GMN,37.3003,-117.2607,2168.0,"Gold Mountain, NV, USA",1979-07-13T00:00:00.0,2599-12-31T23:59:59.0
NN,GWY,36.186001,-116.6698,1538.0,"Greenwater Valley, CA. (GPS 12/06/2000) w84gm",1988-02-10T00:00:00.0,2599-12-31T23:59:59.0
NN,HYDE,36.1609,-115.1931,657.0,"Hyde High School, LLNL/ANSS BB+SM w84",2003-05-16T00:00:00.0,2599-12-31T23:59:59.0
NN,ION4,38.885101,-117.737999,1972.0,"Ione, NV, USA",2015-11-17T00:00:00.0,2599-12-31T23:59:59.0
NN,KVN,39.0484,-118.1012,1829.0,"Kaiserville, Nevada w84gm",1971-09-20T00:00:00.0,2599-12-31T23:59:59.0
NN,LCH,37.232899,-117.645897,1414.0,"Last Chance Range, CA. (GPS 01/04/2001) w84",1979-07-13T00:00:00.0,2599-12-31T23:59:59.0
NN,LHV,38.2513,-118.5049,2353.0,"Little Huntoon Valley, Nevada w84gm",1980-09-16T00:00:00.0,2599-12-31T23:59:59.0
NN,MCA06,38.0089,-117.8818,1462.0,Monte Cristo ASL 06,2020-05-18T00:00:00.0,2599-12-31T23:59:59.0
NN,MCM05,38.1572,-117.8721,1591.0,Monte Cristo Menlo 05,2020-05-23T00:00:00.0,2599-12-31T23:59:59.0
NN,MCM07,38.2274,-117.7463,1716.0,Monte Cristo Menlo 07,2020-05-22T00:00:00.0,2599-12-31T23:59:59.0
NN,MCM08,38.1599,-118.0522,1669.0,Monte Cristo Menlo 08,2020-05-22T00:00:00.0,2599-12-31T23:59:59.0
NN,MOHS,36.2547,-115.138397,623.0,"Mojave High School, LLNL/ANSS BB+SM w84gm",2005-03-07T00:00:00.0,2599-12-31T23:59:59.0
NN,MPK,39.2928,-120.0364,2599.0,"Martis Peak, California w84gm",1973-04-01T00:00:00.0,2599-12-31T23:59:59.0
NN,MZPB,37.7008,-117.3838,2371.0,"Montezuma,NV,USA analog reactivation",2016-04-14T00:00:00.0,2599-12-31T23:59:59.0
NN,NELL,36.219101,-115.037003,554.0,"Nellis AFB, LLNL/ANSS BB+SM w84gm",2005-03-07T00:00:00.0,2599-12-31T23:59:59.0
NN,OMM,37.612301,-119.000397,2750.0,"Old Mammoth Mine, California w84",2000-07-12T00:00:00.0,2009-06-26T23:59:59.0
NN,OMMB,37.613098,-119.000504,2768.0,"Old Mammoth Mine, surface, wgs-84",2011-11-03T00:00:00.0,2599-12-31T23:59:59.0
NN,OUT1,38.326801,-117.515701,1652.0,"Outlaw Springs Mine, Nye County, NV, USA",2015-12-03T00:00:00.0,2599-12-31T23:59:59.0
NN,PAH,39.7106,-119.3854,1520.0,"Pah Rah Range, Nevada w84gm",1996-08-17T00:00:00.0,2599-12-31T23:59:59.0
NN,PIO,37.947201,-114.491402,1887.0,"Pioche, NV, USA - NN reactivation",2016-04-13T00:00:00.0,2599-12-31T23:59:59.0
NN,PLTX,40.7068,-119.4677,1184.0,"Planet X, Gerlach, NV",2016-05-13T00:00:00.0,2018-02-04T23:59:59.0
NN,PNT,39.0891,-119.5997,2076.0,"Pine Nut, Nevada w84",1994-10-15T00:00:00.0,2599-12-31T23:59:59.0
NN,PRN,37.4065,-115.0512,1464.0,"Pahroc Range, Nevada. (GPS 12/04/2000) w84",1972-01-21T00:00:00.0,2599-12-31T23:59:59.0
NN,PYM2,40.1701,-119.7321,1241.0,Pyramid Lake 2,2010-07-20T00:00:00.0,2599-12-31T23:59:59.0
NN,Q09A,38.834,-117.181602,1703.5,"Carvers, NV, USA - NN reactivation",2015-09-22T00:00:00.0,2599-12-31T23:59:59.0
NN,Q11A,38.8455,-115.6541,1562.0,"Duckwater, NV, USA - NN reactivation",2015-11-13T00:00:00.0,2020-10-14T23:59:59.0
NN,Q12A,39.040001,-114.829903,1625.0,"Willow Creek Ranch, Ely, NV, USA - NN reactivation",2015-10-21T00:00:00.0,2599-12-31T23:59:59.0
NN,QSM,35.965,-116.869102,385.0,"Queen of Sheba Mine, CA. (GPS 01/17/2001)   w84gm",1978-11-28T00:00:00.0,2599-12-31T23:59:59.0
NN,R09A,38.2397,-117.0718,1759.0,"Junk Yard, Tonopah, NV, USA - NN reactivation",2006-06-10T00:00:00.0,2599-12-31T23:59:59.0
NN,R10A,38.288601,-116.302101,1600.0,"Warm Springs, NV, USA - NN reactivation",2015-11-12T00:00:00.0,2599-12-31T23:59:59.0
NN,R11B,38.3489,-115.585403,1767.0,"Troy Canyon, Currant, NV, USA",2019-02-22T00:00:00.0,2599-12-31T23:59:59.0
NN,REDF,39.389999,-119.764702,1466.0,"Redfield Campus, S. Reno, Nevada",2013-05-24T00:00:00.0,2599-12-31T23:59:59.0
NN,RUB,39.051701,-120.1549,2045.2,"Rubicon Trail, California w84",2001-10-24T00:00:00.0,2599-12-31T23:59:59.0
NN,RYN,38.6281,-118.5223,1651.0,"Ryan, Nevada w84,gps",1974-09-01T00:00:00.0,2599-12-31T23:59:59.0
NN,S11A,37.644402,-115.7472,1456.0,"Rachel, NV, USA - NN reactivation",2015-08-27T00:00:00.0,2599-12-31T23:59:59.0
NN,SHP,36.5047,-115.1567,1632.0,"Sheep Range, Nevada w84gm",1998-05-05T00:00:00.0,2599-12-31T23:59:59.0
NN,SPR3,38.998901,-114.331398,2815.0,"Spring Creek 3, Nevada",2014-06-25T00:00:00.0,2599-12-31T23:59:59.0
NN,SRV2,39.653301,-120.343201,1700.0,"Sierraville portable station 2, wgs84",2011-11-30T00:00:00.0,2599-12-31T23:59:59.0
NN,SRV3,39.650501,-120.441498,1524.0,"Sierraville portable station, wgs84",2011-11-10T00:00:00.0,2012-10-22T23:59:59.0
NN,SRV4,39.8643,-119.961601,1507.0,"Sierraville 4, wgs84",2012-08-01T00:00:00.0,2599-12-31T23:59:59.0
NN,SRVL,39.5709,-120.330597,1666.0,"Sierraville, California",2011-09-14T00:00:00.0,2013-08-28T23:59:59.0
NN,STHB,36.645401,-116.338799,1052.0,"Striped Hills, NV, USA analog reactivation",2016-04-19T00:00:00.0,2599-12-31T23:59:59.0
NN,TBRD,39.173199,-119.930901,1952.0,"Thunderbird Lodge, Lake Tahoe, NV",2017-10-20T00:00:00.0,2599-12-31T23:59:59.0
NN,TVH1,38.4574,-118.7658,3136.0,"TV Hill 1, Hawthorne, NV",2011-04-17T00:00:00.0,2599-12-31T23:59:59.0
NN,TVH2,38.378201,-118.756401,2174.0,Borealis Mine Area portable BB+Strong Motion; wgs8,2011-04-20T00:00:00.0,2011-10-21T23:59:59.0
NN,TVH3,38.354801,-118.819901,2071.0,East Aurora area portable BB+Strong Motion; wgs84,2011-04-20T00:00:00.0,2011-10-04T23:59:59.0
NN,UNVG,36.1106,-115.1446,619.0,"UNLV greenhouse area, Las Vegas Valley",2012-06-14T00:00:00.0,2599-12-31T23:59:59.0
NN,V12A,35.726601,-114.851097,1098.0,"Nelson, NV, USA - NN reactivation",2015-09-22T00:00:00.0,2599-12-31T23:59:59.0
NN,VCN,39.295601,-119.650299,1928.0,"Virginia City, Nevada gps",2011-08-03T00:00:00.0,2599-12-31T23:59:59.0
NN,WAK,38.504299,-119.438202,1890.0,"Walker, California w84",1996-10-02T00:00:00.0,2599-12-31T23:59:59.0
NN,WAR3,38.6091,-117.834801,1901.0,"Warrior Mine, Nye County, NV, USA",2016-04-14T00:00:00.0,2599-12-31T23:59:59.0
NN,WCN,39.310398,-119.759003,1658.0,"Washoe City, Nevada w84gm",1972-08-01T00:00:00.0,2010-11-10T23:59:59.0
NN,WDEM,39.5841,-119.8099,1572.0,"Washoe County DEM, Nevada",2013-08-28T00:00:00.0,2599-12-31T23:59:59.0
NN,WLDB,36.792702,-116.626602,955.0,"Wildcat Mountain, NV, USA analog reactivation",2016-04-20T00:00:00.0,2599-12-31T23:59:59.0
NN,WTNK,36.1917,-115.010597,676.0,7433 Soaring Heights w84gm,2003-05-19T00:00:00.0,2599-12-31T23:59:59.0
NN,YER,38.9852,-119.2406,1857.0,"Yerington, Nevada w84gm",1998-09-04T00:00:00.0,2599-12-31T23:59:59.0
NN,ZPR,39.0131,-119.937599,2001.0,"Zephyr Cove, Lake Tahoe, Nevada",2017-07-10T00:00:00.0,2599-12-31T23:59:59.0
NP,DIX,38.37706,-121.842377,16.0,Maine Praire Water Dst,2012-08-16T00:00:00.0,2599-12-31T23:59:59.0
NP,ELK,38.373493,-121.362129,14.0,Elk Grove,2012-08-27T00:00:00.0,2599-12-31T23:59:59.0
NP,EMR,38.060509,-121.499298,2.0,Eight Mile Road,2008-09-03T00:00:00.0,2015-07-28T18:50:00.0
NP,KIR,38.05513,-121.458206,5.0,King Island Resort,2015-07-28T22:12:00.0,2599-12-31T23:59:59.0
NP,MCD,37.98019,-121.473457,15.0,McDonald Road,2014-11-12T22:41:00.0,2599-12-31T23:59:59.0
NP,MOD,37.620201,-121.122284,16.0,Modesto Volunteer FS,2012-08-07T00:00:00.0,2599-12-31T23:59:59.0
NP,PLA,37.798672,-121.46315,-18.0,Platti Road,2008-08-29T00:00:00.0,2599-12-31T23:59:59.0
NP,SIA,38.050282,-121.736687,-1.0,Sherman Island,2011-11-02T00:00:00.0,2599-12-31T23:59:59.0
SN,AMD,36.4526,-116.2818,775.4,"Amargosa Desert, Nevada w84",1997-04-25T00:00:00.0,2599-12-31T23:59:59.0
SN,HEL,36.724602,-116.975899,747.0,"Hell's Gate, California w84",2002-06-24T00:00:00.0,2599-12-31T23:59:59.0
SN,JFR2,36.687698,-116.152603,1092.0,Rock Valley SPE near JFR analog,2012-03-07T00:00:00.0,2599-12-31T23:59:59.0
SN,MCY,36.661755,-115.962296,1250.7,Mercury Rock Valley,1980-03-07T00:00:00.0,2599-12-31T23:59:59.0
SN,RPY,36.851501,-116.457199,1301.0,"Repository, NTS, Nevada w84mg",1996-02-07T00:00:00.0,2010-05-26T23:59:59.0
SN,RVFF,36.7285,-115.985397,1079.0,Rock Valley Frenchman Flat,2013-04-01T00:00:00.0,2599-12-31T23:59:59.0
SN,RVNE,36.7607,-116.1054,1323.0,"Rock Valley SPE, Northeast, wgs84",2012-03-09T00:00:00.0,2599-12-31T23:59:59.0
SN,RVSE,36.6959,-116.098396,1157.0,"Rock Valley SPE, Southeast, wgs84",2012-03-06T00:00:00.0,2599-12-31T23:59:59.0
SN,S13A,37.580898,-113.860397,1702.0,"Holt Ranch, Enterprise UT - SN reactivation",2016-02-24T00:00:00.0,2599-12-31T23:59:59.0
SN,SPC,36.6746,-116.2039,1064.0,"Specter Range, NTS, Nevada w84",1996-03-15T00:00:00.0,2010-06-23T23:59:59.0
SN,SPRS,36.688202,-116.178101,1092.0,Specter Range SM and Rock Valley SPE wgs84,1995-01-01T00:00:00.0,2599-12-31T23:59:59.0
SN,TAR,36.868,-116.6331,1250.0,"Tarantula Canyon, Nevada w84",1996-01-23T00:00:00.0,2016-04-23T23:59:59.0
SN,TIM,37.0667,-116.470299,1871.0,"Timber Moutain, NAFB, Nevada w84",1996-05-22T00:00:00.0,2599-12-31T23:59:59.0
SN,TPW,36.9016,-116.2528,1573.0,"Topopah Wash, NTS, Nevada w84",1995-09-15T00:00:00.0,2599-12-31T23:59:59.0
SN,TYM,37.144001,-116.721703,1457.0,"Thirsty Mountain, NAFB, Nevada w84gm",1996-10-01T00:00:00.0,2599-12-31T23:59:59.0
SN,WG01,37.3144,-115.293999,1755.0,SN NNSS-SPE Weston relocation XA_AZ10,2016-03-29T00:00:00.0,2599-12-31T23:59:59.0
SN,WG03,37.090099,-114.818604,983.0,SN NNSS-SPE Weston relocation XA_AZ08,2016-03-29T00:00:00.0,2599-12-31T23:59:59.0
SN,WG04,37.131401,-114.712601,1069.0,SN NNSS-SPE Weston relocation XA_AZ07,2016-03-29T00:00:00.0,2599-12-31T23:59:59.0
SN,WG05,37.0769,-114.3395,940.0,SN NNSS-SPE Weston relocation XA_AZ06,2016-03-30T00:00:00.0,2599-12-31T23:59:59.0
SN,WG06,37.181301,-114.141998,1131.0,SN NNSS-SPE Weston relocation XA_AZ05,2016-03-30T00:00:00.0,2599-12-31T23:59:59.0
SN,WG07,37.0341,-113.860901,1141.0,SN NNSS-SPE Weston relocation XA_AZ04,2016-03-30T00:00:00.0,2599-12-31T23:59:59.0
TA,109C,32.888901,-117.105103,150.0,"Camp Elliot, Miramar, CA, USA",2004-05-04T00:00:00.0,2018-08-21T23:59:59.0
TA,112A,32.535599,-114.580399,87.0,"Yuma, AZ, USA",2007-05-06T00:00:00.0,2008-10-22T23:59:59.0
TA,BNLO,37.1311,-122.172897,794.0,"Ben Lomond (Santa Cruz Mountains), CA, USA",2005-04-20T00:00:00.0,2007-09-02T23:59:59.0
TA,ELFS,40.618301,-120.727898,1553.0,"Eagle Lake Field Station, Susanville, CA, USA",2005-05-20T00:00:00.0,2007-10-09T23:59:59.0
TA,HAST,36.388699,-121.551399,542.0,"UC Hastings Reserve, Carmel Valley, CA, USA",2004-07-19T00:00:00.0,2007-09-02T23:59:59.0
TA,HATC,40.816101,-121.461197,1013.0,"Hat Creek Radio Observatory, Hat Creek, CA, USA",2005-05-19T00:00:00.0,2007-09-07T23:59:59.0
TA,HELL,36.680099,-119.022797,1145.0,"Mitchell Peak, Miramonte, CA, USA",2005-02-11T00:00:00.0,2007-10-14T23:59:59.0
TA,L02A,42.155998,-123.601799,484.6,"Cave Junction, OR, USA",2005-12-17T00:00:00.0,2007-11-29T23:59:59.0
TA,L02D,42.157799,-123.603104,458.0,"Cave Junction, OR, USA",2009-11-08T00:00:00.0,2012-10-09T23:59:59.0
TA,L02E,42.158001,-123.602898,454.0,"Cave Junction, OR, USA",2012-10-10T00:00:00.0,2016-04-28T23:59:59.0
TA,L02F,42.120899,-123.570702,440.0,"Cave Junction, OR, USA",2016-04-30T00:00:00.0,2016-09-30T23:59:59.0
TA,L04A,42.174999,-121.890999,1336.0,"Klamath Falls, OR, USA",2006-05-24T00:00:00.0,2007-10-26T23:59:59.0
TA,L04D,42.217999,-122.304604,1437.0,"Klamath Falls, OR, USA",2010-07-30T00:00:00.0,2016-09-30T23:59:59.0
TA,L05A,42.047199,-120.833603,1751.0,"Lakeview, OR, USA",2006-06-16T00:00:00.0,2007-10-24T23:59:59.0
TA,L07A,42.0187,-119.339798,1816.0,"Adell, OR, USA",2006-06-09T00:00:00.0,2008-04-17T23:59:59.0
TA,L08A,42.190102,-118.344498,1490.0,"Fields, OR, USA",2006-06-19T00:00:00.0,2008-04-19T23:59:59.0
TA,L09A,42.019199,-117.666702,1430.5,"Wilkinson Ranch, McDermitt, NV, USA",2006-04-25T00:00:00.0,2008-04-02T23:59:59.0
TA,L10A,42.077301,-116.4711,1537.0,"Juniper Basin Ranch, Riddle, ID, USA",2007-01-10T00:00:00.0,2008-08-16T23:59:59.0
TA,L11A,42.166901,-115.754097,1511.0,"Cat Creek Ranch, Riddle, ID, USA",2007-01-08T00:00:00.0,2008-08-14T23:59:59.0
TA,L12A,42.146,-115.016197,1756.0,"House Creek Ranch, Rogerson, ID, USA",2006-12-21T00:00:00.0,2008-08-08T23:59:59.0
TA,L13A,42.0886,-113.944397,1482.0,"Double Diamond Ranch, Oakley, ID, USA",2006-12-13T00:00:00.0,2008-08-07T23:59:59.0
TA,LAVA,38.755199,-120.739502,828.0,"Lava Cap Winery, Placerville, CA, USA",2004-12-09T00:00:00.0,2007-12-08T23:59:59.0
TA,M01C,41.847301,-124.122101,38.0,"Crescent City, CA, USA",2006-05-19T00:00:00.0,2007-11-16T23:59:59.0
TA,M02C,41.391998,-122.853798,960.0,"Callahan, CA, USA",2005-06-30T00:00:00.0,2016-05-01T23:59:59.0
TA,M03C,41.2742,-122.122002,1047.0,"McCloud, CA, USA",2005-07-13T00:00:00.0,2007-11-13T23:59:59.0
TA,M04C,41.7826,-121.839302,1391.0,"Macdoel, CA, USA",2005-06-30T00:00:00.0,2016-04-25T23:59:59.0
TA,M05C,41.359299,-121.145699,1333.0,"Lookout, CA, USA",2005-06-29T00:00:00.0,2007-10-10T23:59:59.0
TA,M06C,41.2047,-120.477203,1434.0,"Likely Place Golf, Likely, CA, USA",2005-06-28T00:00:00.0,2007-10-21T23:59:59.0
TA,M07A,41.388401,-119.171097,1400.0,"Soldier Meadows, NV, USA",2006-02-17T00:00:00.0,2008-04-15T23:59:59.0
TA,M08A,41.448299,-118.379204,1288.4,"Happy Creek Ranch, Winnemucca, NV, USA",2006-02-14T00:00:00.0,2008-04-02T23:59:59.0
TA,M09A,41.423,-117.449699,1355.8,"Marrel Ranch, Paradise Valley, NV, USA",2006-04-26T00:00:00.0,2008-04-01T23:59:59.0
TA,M10A,41.521999,-116.539597,1687.4,"I.L. Ranch, Tuscararo, NV, USA",2006-05-05T00:00:00.0,2008-08-18T23:59:59.0
TA,M11A,41.431099,-115.791199,1849.0,"Holland Ranch, North Fork, NV, USA",2006-05-06T00:00:00.0,2008-08-11T23:59:59.0
TA,M12A,41.415699,-114.9151,1930.0,"Wells, NV, USA",2006-05-05T00:00:00.0,2008-08-09T23:59:59.0
TA,M13A,41.360199,-114.165497,1514.0,"Montello, NV, USA",2006-05-04T00:00:00.0,2008-08-19T23:59:59.0
TA,N02C,40.821999,-123.305702,717.0,"Big Bar, CA, USA",2005-07-01T00:00:00.0,2007-11-19T23:59:59.0
TA,N02D,40.973999,-122.705002,937.0,"Trinity Center, CA, USA",2009-11-05T00:00:00.0,2016-04-28T23:59:59.0
TA,N06A,40.748402,-119.834602,1341.0,"Buffalo Meadows, Empire, NV, USA",2006-07-13T00:00:00.0,2008-04-14T23:59:59.0
TA,N07A,40.772099,-118.971603,1305.5,"Gerlach, NV, USA",2006-02-21T00:00:00.0,2006-04-27T23:59:59.0
TA,N07B,40.779701,-118.9711,1302.0,"Gerlach, NV, USA",2006-04-27T00:00:00.0,2008-03-18T23:59:59.0
TA,N08A,40.781101,-118.133698,1492.9,"GE Springer Mine, Mill City, NV, USA",2006-02-15T00:00:00.0,2008-03-20T23:59:59.0
TA,N09A,40.852001,-117.524399,1617.3,"Rock Creek Ranch, Golconda, NV, USA",2006-04-20T00:00:00.0,2008-03-07T23:59:59.0
TA,N10A,40.718601,-116.508003,1392.0,"Dunphy, NV, USA",2006-05-02T00:00:00.0,2008-08-15T23:59:59.0
TA,N11A,40.8167,-115.736,1643.0,"Elko Archery Club, Elko, NV, USA",2006-05-03T00:00:00.0,2008-08-13T23:59:59.0
TA,N12A,40.8522,-115.038696,1786.0,"Clover Valley, Wells, NV, USA",2006-05-10T00:00:00.0,2008-08-09T23:59:59.0
TA,N13A,40.855598,-114.204498,1385.0,"Wendover, West Wendover, NV, USA",2006-05-19T00:00:00.0,2008-08-20T23:59:59.0
TA,O01C,40.139801,-123.819504,137.8,"Eel River Conservation Camp, Redway, CA, USA",2005-08-25T00:00:00.0,2007-11-17T23:59:59.0
TA,O02C,40.176701,-122.7883,962.0,"Red Bluff, CA, USA",2005-07-20T00:00:00.0,2007-10-11T23:59:59.0
TA,O02D,40.176601,-122.788399,965.0,"Mt. Diablo Meridian, CA, USA",2010-08-01T00:00:00.0,2016-05-02T23:59:59.0
TA,O03C,39.997101,-122.031898,85.0,"Acorn Hollow, Los Molinos, CA, USA",2005-04-19T00:00:00.0,2007-09-06T23:59:59.0
TA,O03D,40.294701,-121.801804,968.0,"Paynes Creek, CA, USA",2010-08-02T00:00:00.0,2012-10-01T23:59:59.0
TA,O03E,40.294601,-121.802101,967.0,"Paynes Creek, CA, USA",2012-10-08T00:00:00.0,2016-05-02T23:59:59.0
TA,O04C,40.32,-121.085999,1513.0,"Chester, CA, USA",2005-05-25T00:00:00.0,2007-11-27T23:59:59.0
TA,O05C,39.962002,-120.917603,1032.0,"Quincy, CA, USA",2005-04-20T00:00:00.0,2007-11-20T23:59:59.0
TA,O06A,40.165001,-119.827499,1228.7,"Flanigan, NV, USA",2006-02-24T00:00:00.0,2008-03-05T23:59:59.0
TA,O07A,40.1614,-118.877197,1203.0,"Toulon, NV, USA",2006-03-01T00:00:00.0,2008-03-19T23:59:59.0
TA,O08A,40.290298,-118.154999,2137.6,"Rochester Mine, Lovelock, NV, USA",2006-02-24T00:00:00.0,2008-03-06T23:59:59.0
TA,O09A,40.169701,-117.189903,1491.7,"Fish Creek Ranch, Battle Mountain, NV, USA",2006-04-22T00:00:00.0,2008-03-08T23:59:59.0
TA,O10A,40.291698,-116.499901,1470.0,"Cortez Mining, Crescent City, NV, USA",2006-05-16T00:00:00.0,2008-08-15T23:59:59.0
TA,O11A,40.131302,-115.656998,1948.0,"Cowboy Ranch, Jiggs, NV, USA",2006-05-17T00:00:00.0,2008-08-12T23:59:59.0
TA,O12A,40.267899,-114.745399,1743.0,"Currie, NV, USA",2006-05-18T00:00:00.0,2008-09-03T23:59:59.0
TA,O13A,40.131401,-113.9814,1573.0,"Hicks Ranch, Ibapah, UT, USA",2007-02-21T00:00:00.0,2008-09-01T23:59:59.0
TA,P01C,39.469002,-123.337502,440.9,"Double 8 Ranch, Willits, CA, USA",2005-08-24T00:00:00.0,2007-09-04T23:59:59.0
TA,P05C,39.302799,-120.607697,1756.5,"Yuba Gap, Truckee, CA, USA",2005-06-07T00:00:00.0,2007-10-13T23:59:59.0
TA,P06A,39.678501,-119.8983,1368.6,"Stead Airport, Stead, NV, USA",2006-04-28T00:00:00.0,2008-03-04T23:59:59.0
TA,P07A,39.539902,-118.889297,1218.6,"Fallon, NV, USA",2006-02-25T00:00:00.0,2008-03-10T23:59:59.0
TA,P08A,39.694599,-118.080002,1040.2,"Dixie Valley, NV, USA",2006-02-26T00:00:00.0,2008-03-11T23:59:59.0
TA,P09A,39.551601,-117.139503,1737.7,"Austin, NV, USA",2006-04-14T00:00:00.0,2008-03-08T23:59:59.0
TA,P10A,39.620201,-116.463898,1874.0,"Eureka, NV, USA",2006-06-07T00:00:00.0,2008-09-08T23:59:59.0
TA,P11A,39.553001,-115.753601,1787.0,"Circle Ranch, Eureka, NV, USA",2006-05-28T00:00:00.0,2008-09-09T23:59:59.0
TA,P12A,39.473099,-114.907501,1878.0,"McGill, NV, USA",2006-05-30T00:00:00.0,2008-09-02T23:59:59.0
TA,P13A,39.455002,-114.015602,1555.0,"Bates Ranch, Gandy, UT, USA",2007-03-01T00:00:00.0,2008-09-05T23:59:59.0
TA,Q03C,38.633301,-122.014503,108.0,"Winters, CA, SA",2005-06-28T00:00:00.0,2007-12-04T23:59:59.0
TA,Q04C,38.839001,-121.3769,14.0,"Lincoln, CA, USA",2004-12-10T00:00:00.0,2007-10-12T23:59:59.0
TA,Q07A,38.938301,-118.8078,1275.9,"Schurz, NV, USA",2006-02-27T00:00:00.0,2008-03-13T23:59:59.0
TA,Q08A,38.8606,-117.931602,1411.5,"Gabbs, NV, USA",2006-03-02T00:00:00.0,2008-03-14T23:59:59.0
TA,Q09A,38.834,-117.181602,1703.5,"Carvers, NV, USA",2006-04-13T00:00:00.0,2008-03-22T23:59:59.0
TA,Q10A,38.824699,-116.399902,2027.0,"Clear Creek Ranch, Tonopah, NV, USA",2007-02-05T00:00:00.0,2008-09-13T23:59:59.0
TA,Q11A,38.845501,-115.654099,1562.0,"Duckwater, NV, USA",2006-06-08T00:00:00.0,2008-09-11T23:59:59.0
TA,Q12A,39.040001,-114.829903,1625.0,"Willow Creek Ranch, Ely, NV, USA",2006-05-26T00:00:00.0,2008-09-04T23:59:59.0
TA,Q13A,38.955101,-114.020203,1583.0,"Wheeler Ranch, Garrison, UT, USA",2007-03-02T00:00:00.0,2008-09-04T23:59:59.0
TA,R04C,38.257099,-120.936302,115.0,"Big Horse Ranch, Ione, CA, USA",2004-12-08T00:00:00.0,2007-12-04T23:59:59.0
TA,R05C,38.702801,-120.0755,2366.0,"Kirkwood Meadows Resort, Kirkwood, CA, USA",2005-08-05T00:00:00.0,2007-10-05T23:59:59.0
TA,R06C,38.522598,-119.450897,1698.0,"Coleville, CA, USA",2005-08-04T00:00:00.0,2008-03-15T23:59:59.0
TA,R07C,38.089001,-119.046898,1996.0,"Lee Vining, CA, USA",2005-08-03T00:00:00.0,2007-10-02T23:59:59.0
TA,R08A,38.3489,-118.1064,1419.8,"Mina, NV, USA",2006-03-03T00:00:00.0,2008-03-24T23:59:59.0
TA,R09A,38.2397,-117.0718,1759.0,"Tonopah, NV, USA",2006-06-10T00:00:00.0,2008-03-22T23:59:59.0
TA,R10A,38.288601,-116.302101,1600.0,"Warm Springs, NV, USA",2006-06-09T00:00:00.0,2008-09-11T23:59:59.0
TA,R11A,38.3489,-115.585403,1756.0,"Troy Canyon, Currant, NV, USA",2007-02-09T00:00:00.0,2017-03-16T23:59:59.0
TA,R11B,38.3489,-115.585403,1767.0,"Troy Canyon, Currant, NV, USA",2017-03-20T00:00:00.0,2019-02-21T23:59:59.0
TA,R12A,38.328098,-114.607597,1845.0,"Pony Springs, Pioche, NV, USA",2007-01-25T00:00:00.0,2008-09-10T23:59:59.0
TA,R13A,38.180199,-113.969101,1969.0,"O'Grain Ranch, Modena, UT, USA",2007-06-08T00:00:00.0,2009-03-16T23:59:59.0
TA,S04C,37.504902,-121.327797,310.0,"Ingram Canyon, Westley, CA, USA",2004-12-15T00:00:00.0,2007-09-03T23:59:59.0
TA,S05C,37.346001,-120.329597,85.0,"Merced, CA, USA",2005-04-18T00:00:00.0,2007-12-08T23:59:59.0
TA,S06C,37.881699,-119.848801,1377.0,"San Francisco Camp Mather, Mather, CA, USA",2005-10-08T00:00:00.0,2007-10-04T23:59:59.0
TA,S08C,37.499298,-118.171097,3087.0,"White Mtn Res Sta-Crooked Creek, Bishop, CA, USA",2005-08-02T00:00:00.0,2007-10-03T23:59:59.0
TA,S09A,37.7243,-117.224602,1767.8,"Goldfield, NV, USA",2006-04-12T00:00:00.0,2008-03-24T23:59:59.0
TA,S10A,37.923,-116.594803,1796.0,"Tonopah Range, Tonopah, NV, USA",2007-01-22T00:00:00.0,2008-09-12T23:59:59.0
TA,S11A,37.644402,-115.7472,1456.0,"Rachel, NV, USA",2007-01-23T00:00:00.0,2008-09-15T23:59:59.0
TA,S12A,37.608299,-114.8489,1479.0,"Delamar Landing Field, Caliente, NV, USA",2007-02-10T00:00:00.0,2008-09-17T23:59:59.0
TA,S13A,37.580799,-113.860397,1698.0,"Holt Ranch, Enterprise, UT, USA",2007-02-15T00:00:00.0,2008-10-09T23:59:59.0
TA,SUTB,39.229099,-121.786102,252.0,"Sutter Butte, CA, USA",2005-05-17T00:00:00.0,2007-09-05T23:59:59.0
TA,T05C,36.895302,-120.673698,46.0,"Eagle Field, Dos Palos, CA, USA",2005-02-14T00:00:00.0,2007-09-03T23:59:59.0
TA,T06C,37.006901,-119.7089,216.0,"Millerton Lake Dam, Friant, CA, USA",2004-12-06T00:00:00.0,2007-12-06T23:59:59.0
TA,T11A,37.240799,-115.2202,1402.0,"Corn Creek, Alamo, NV, USA",2007-02-11T00:00:00.0,2008-09-16T23:59:59.0
TA,T12A,36.725601,-114.714699,538.0,"Moapa, NV, USA",2007-01-24T00:00:00.0,2008-10-11T23:59:59.0
TA,T13A,37.019501,-113.907303,878.0,"Saint George, UT, USA",2007-01-29T00:00:00.0,2008-10-09T23:59:59.0
TA,TFRD,33.494801,-116.602203,1000.0,"Ford Ranch, Anza, CA, USA",2012-06-20T00:00:00.0,2012-12-12T23:59:59.0
TA,TPFO,33.605999,-116.454399,1275.0,"Pinon Flats, CA, USA",2010-04-09T00:00:00.0,2018-11-02T23:59:59.0
TA,U04C,36.362701,-120.782799,812.6,"Hernandez Reservoir, Idria, CA, USA",2004-12-05T00:00:00.0,2007-12-11T23:59:59.0
TA,U05C,36.335602,-120.120499,92.0,"Westside ANR, Five Points, CA, USA",2004-12-04T00:00:00.0,2007-12-06T23:59:59.0
TA,U10A,36.4193,-116.329697,668.0,"Ash Meadows, Armagosa, NV, USA",2006-06-17T00:00:00.0,2008-10-15T23:59:59.0
TA,U11A,36.423,-115.383499,867.0,"Corn Creek, NV, USA",2006-06-20T00:00:00.0,2008-10-13T23:59:59.0
TA,U12A,36.432098,-114.538803,644.0,"Valley of Fire, Overton, NV, USA",2006-06-21T00:00:00.0,2008-10-11T23:59:59.0
TA,U13A,36.4151,-113.965302,712.0,"Pakoon Wash, AZ, USA",2007-02-16T00:00:00.0,2008-11-12T23:59:59.0
TA,V03C,36.0214,-121.235603,336.0,"Hunter Liggett MR Jolon, CA, USA",2005-02-23T00:00:00.0,2007-12-05T23:59:59.0
TA,V04C,35.636002,-120.869904,431.0,"Ramage Ranch, Paso Robles, CA, USA",2004-06-07T00:00:00.0,2007-09-01T23:59:59.0
TA,V05C,35.866699,-119.902802,118.0,"Boulder Hill, Kettleman City, CA, USA",2005-04-11T00:00:00.0,2007-12-07T23:59:59.0
TA,V11A,35.838402,-115.430496,1117.0,"Goodsprings, NV, USA",2006-06-16T00:00:00.0,2008-10-14T23:59:59.0
TA,V12A,35.726601,-114.851097,1098.0,"Nelson, NV, USA",2006-06-19T00:00:00.0,2008-10-16T23:59:59.0
TA,V13A,35.8522,-113.984001,1402.0,"Grand Canyon West Ranch, Meadview, AZ, USA",2007-03-10T00:00:00.0,2008-10-17T23:59:59.0
TA,W12A,35.300999,-114.870102,774.5,"Cal Nev Ari, NV, USA",2006-03-25T00:00:00.0,2008-10-14T23:59:59.0
TA,W13A,35.098999,-113.885399,1988.2,"Hualapai Mountain Park, Kingman, AZ, USA",2006-03-09T00:00:00.0,2010-05-28T23:59:59.0
TA,X13A,34.593498,-113.8302,889.4,"Yucca, AZ, USA",2006-03-14T00:00:00.0,2008-10-18T23:59:59.0
TA,Y12C,33.750301,-114.523804,196.0,"Blythe, CA, USA",2004-10-08T00:00:00.0,2014-08-08T23:59:59.0
TA,Y13A,33.814201,-113.828697,356.9,"Salome, AZ, USA",2006-03-16T00:00:00.0,2008-10-21T23:59:59.0
YN,BCCC,33.6469,-116.8107,849.0,BCCC,2011-11-30T00:00:00.0,2022-12-31T23:59:59.0
YN,FOST,33.7589,-116.7267,1794.0,FOST,2011-11-22T00:00:00.0,2014-01-10T23:59:59.0
YN,GVAR1,33.6663,-116.7066,1328.0,"GVAR1, Anza, CA, USA",2012-06-01T00:00:00.0,2022-12-31T23:59:59.0
YN,JF00,33.423302,-116.402298,660.0,JF00,2011-11-08T00:00:00.0,2016-11-17T23:59:59.0
YN,JFN1,33.423599,-116.402,657.0,JFN1,2011-11-08T00:00:00.0,2016-11-17T23:59:59.0
YN,JFN2,33.423698,-116.401802,659.0,JFN2,2011-11-08T00:00:00.0,2016-11-17T23:59:59.0
YN,JFN3,33.423901,-116.401604,661.0,JFN3,2011-11-08T00:00:00.0,2016-11-17T23:59:59.0
YN,JFN4,33.424599,-116.400902,667.0,JFN4,2011-11-08T00:00:00.0,2016-11-17T23:59:59.0
YN,JFS1,33.423199,-116.402496,663.0,JFS1,2011-11-08T00:00:00.0,2016-11-17T23:59:59.0
YN,JFS2,33.4231,-116.402603,660.0,JFS2,2011-11-08T00:00:00.0,2016-11-17T23:59:59.0
YN,JFS3,33.422901,-116.402802,657.0,JFS3,2011-11-08T00:00:00.0,2016-11-17T23:59:59.0
YN,JFS4,33.422298,-116.403801,659.0,JFS4,2011-11-08T00:00:00.0,2016-11-17T23:59:59.0
YN,JORD,33.4722,-116.645,1235.0,JORD,2011-11-23T00:00:00.0,2022-12-31T23:59:59.0
YN,PRAN,33.657001,-116.591904,1673.0,PRAN,2012-07-06T00:00:00.0,2018-11-17T23:59:59.0
YN,RHIL,33.6732,-116.7713,1557.0,RHIL,2012-08-23T00:00:00.0,2022-12-31T23:59:59.0
YN,SFTR,33.640999,-116.750198,1242.0,SFTR,2011-10-02T00:00:00.0,2018-11-16T23:59:59.0
YN,SGBS3,33.5393,-116.5926,1430.0,"SGBS3, Anza, CA, USA",2010-09-29T00:00:00.0,2022-12-31T23:59:59.0
YN,TFRD,33.4948,-116.6022,1000.0,"Ford Ranch, Anza, CA, USA",2012-12-12T00:00:00.0,2022-12-31T23:59:59.0
YN,TR01,33.422901,-116.413498,774.0,TR01,2011-11-08T00:00:00.0,2017-11-02T23:59:59.0
YN,TR02,33.418301,-116.416801,770.0,TR02,2011-11-08T00:00:00.0,2017-11-02T23:59:59.0
YN,TR03,33.4095,-116.423302,739.0,TR03,2011-11-08T00:00:00.0,2017-11-02T23:59:59.0
YN,TR04,33.3988,-116.426003,774.0,TR04,2011-11-08T00:00:00.0,2017-11-02T23:59:59.0
YN,WRDG,33.7312,-116.727,1599.0,WRDG,2012-07-06T00:00:00.0,2022-12-31T23:59:59.0
YU,BYR,37.817501,-121.641296,28.0,BYR,2006-09-20T00:00:00.0,2013-06-06T23:59:59.0
YU,CEC,37.938099,-121.596802,-22.0,CEC,2008-05-08T00:00:00.0,2013-06-05T23:59:59.0
YU,CLE,38.192501,-121.085899,41.0,CLE,2012-06-01T00:00:00.0,2013-06-14T23:59:59.0
YU,DIX,38.377102,-121.8424,16.0,DIX,2012-08-16T00:00:00.0,2014-12-31T23:59:59.0
YU,ELK,38.373501,-121.362099,14.0,ELK,2012-08-27T00:00:00.0,2014-12-31T23:59:59.0
YU,EMR,38.060501,-121.499298,2.0,EMR,2008-09-03T00:00:00.0,2014-12-31T23:59:59.0
YU,FRM,37.929699,-121.000801,34.0,FRM,2012-06-13T00:00:00.0,2013-05-18T23:59:59.0
YU,HMB,37.974499,-121.581902,-3.0,HMB,2006-09-20T00:00:00.0,2008-02-28T23:59:59.0
YU,HMT,37.974899,-121.581299,2.0,HMT,2006-09-20T00:00:00.0,2008-02-28T23:59:59.0
YU,HOL1,37.9748,-121.581802,28.0,HOL1,2008-02-28T00:00:00.0,2010-12-29T23:59:59.0
YU,HOL2,37.973301,-121.582298,28.0,HOL2,2008-02-28T00:00:00.0,2013-06-05T23:59:59.0
YU,HOL3,37.973301,-121.584396,28.0,HOL3,2008-02-28T00:00:00.0,2010-12-29T23:59:59.0
YU,MCD,37.980202,-121.473396,2.0,MCD,2011-07-06T00:00:00.0,2014-12-31T23:59:59.0
YU,MOD,37.620201,-121.122299,16.0,MOD,2012-08-07T00:00:00.0,2014-12-31T23:59:59.0
YU,PLA,37.798698,-121.463097,-18.0,PLA,2008-08-29T00:00:00.0,2014-12-31T23:59:59.0
YU,SIA,38.050201,-121.736801,2.0,SIA,2011-11-02T00:00:00.0,2014-12-31T23:59:59.0
YU,SMB,37.9977,-121.626198,-3.0,SMB,2006-09-20T00:00:00.0,2008-05-08T23:59:59.0
YU,SMT,37.998199,-121.625198,2.0,SMT,2006-09-20T00:00:00.0,2010-09-16T23:59:59.0
YU,SRB,38.010899,-121.624901,-3.0,SRB,2006-09-20T00:00:00.0,2008-04-29T23:59:59.0
YU,SRT,38.0107,-121.624603,2.0,SRT,2006-09-20T00:00:00.0,2013-06-05T23:59:59.0
YU,STF,37.9925,-121.451599,-12.0,STF,2008-06-17T00:00:00.0,2011-04-22T23:59:59.0
YU,WHR,37.898399,-121.450798,-29.0,WHR,2008-05-29T00:00:00.0,2013-06-28T23:59:59.0
AZ,KNW,33.7141,-116.7119,1507.0,"Keenwild Fire Station, Mountain Center, CA, USA",2599-12-31T23:59:59.0,3000-01-01T00:00:00.0
AZ,LVA2,33.351601,-116.561501,1435.0,"Lost Valley Scout Camp, CA, USA",2599-12-31T23:59:59.0,3000-01-01T00:00:00.0
BK,AONC,39.93981,-122.0608,70.0,"Abbey of New Clairvaux, Vina, CA",2020-06-05T00:00:00.0,3000-01-01T00:00:00.0
BK,ARC,40.87772,-124.07738,30.1,"Humboldt State University, Arcata, CA, USA",1992-05-28T19:48:00.0,2001-08-02T00:36:00.0
BK,BABI,36.51579,-120.85301,571.2,"Babies Gulch, Panoche, CA",2019-05-23T00:00:00.0,3000-01-01T00:00:00.0
BK,BARR,39.30477,-123.19748,264.7,"Barra Winery, Redwood Valley, CA",2019-10-03T00:00:00.0,3000-01-01T00:00:00.0
BK,BCCR,39.81856,-121.73417,518.8,"Big Chico Creek, Paradise, CA USA",2020-10-07T00:00:00.0,3000-01-01T00:00:00.0
BK,BDM,37.95397,-121.86554,219.8,"Black Diamond Mines Park, Antioch, CA, USA",1998-11-12T00:00:00.0,3000-01-01T00:00:00.0
BK,BJES,40.54362,-123.87996,1050.7,"Bald Jesse, Humboldt County, CA",2019-08-22T00:00:00.0,3000-01-01T00:00:00.0
BK,BKS,37.87622,-122.23558,243.9,"Byerly Seismographic Vault, Berkeley, CA, USA",1987-05-05T00:00:00.0,3000-01-01T00:00:00.0
BK,BL67,37.87492,-122.24318,736.18,"LBL Building 67, Berkeley, CA, USA",2011-04-15T18:00:00.0,3000-01-01T00:00:00.0
BK,BONV,38.98742,-123.34856,196.9,"Bradford Ranch, Boonville, CA",2019-08-07T00:00:00.0,3000-01-01T00:00:00.0
BK,BRIB,37.91886,-122.15179,219.7,"Briones Reserve, Orinda, CA, USA",1995-06-23T16:00:00.0,2014-12-16T03:00:00.0
BK,BRIB,37.91932,-122.15269,237.0,"Briones Reserve, Orinda, CA, USA",2019-09-17T01:20:00.0,3000-01-01T00:00:00.0
BK,BRIC,40.11223,-123.8965,180.5,"Briceland Vineyard, Redway, CA",2019-02-28T00:00:00.0,3000-01-01T00:00:00.0
BK,BRK,37.87352,-122.26099,49.4,"Haviland Hall, Berkeley, CA, USA",1996-08-16T00:00:00.0,3000-01-01T00:00:00.0
BK,BUCR,37.6733,-120.1496,1034.0,"Buckhorn Flat Ranch, Coulterville, CA",2019-04-30T00:00:00.0,3000-01-01T00:00:00.0
BK,CGRV,36.79147,-118.66033,1449.0,Cedar Grove,2020-11-14T01:00:00.0,3000-01-01T00:00:00.0
BK,CMB,38.03455,-120.38651,697.0,"Columbia College, Columbia, CA, USA",1986-10-25T00:00:00.0,3000-01-01T00:00:00.0
BK,CVS,38.34526,-122.4584,295.1,"Carmenet Vineyards, Sonoma, CA, USA",1998-05-06T00:00:00.0,3000-01-01T00:00:00.0
BK,DANT,40.2946,-121.8021,967.0,"Paynes Creek, CA, USA",2016-11-18T12:00:00.0,3000-01-01T00:00:00.0
BK,DCMP,39.46897,-123.337498,450.0,"Taylor Ranch; Willits, CA USA",2017-07-28T23:59:00.0,3000-01-01T00:00:00.0
BK,DLIK,40.45543,-122.89424,1293.0,"Deerlick Springs, Platina, CA",2019-11-20T00:00:00.0,3000-01-01T00:00:00.0
BK,DMOR,40.70973,-123.70331,1305.0,"Dinsmores, Humboldt County, CA",2019-08-20T00:00:00.0,3000-01-01T00:00:00.0
BK,EAGL,40.62486,-120.72893,1564.7,"Eagle Lake, Susanville, CA USA",2020-10-22T00:00:00.0,3000-01-01T00:00:00.0
BK,ELFS,40.61835,-120.72791,1554.5,"Eagle Lake Biol. Field Stn., Susanville, CA, USA",2005-05-19T00:00:00.0,2007-10-10T17:44:00.0
BK,FARB,37.69782,-123.0011,-18.5,"Farallon Islands, CA, USA",1997-03-15T00:00:00.0,3000-01-01T00:00:00.0
BK,FORD,36.6879,-121.78054,34.4,"Fort Ord Natural Reserve, Marina, CA",2019-07-25T00:00:00.0,3000-01-01T00:00:00.0
BK,GALB,38.86192,-123.25636,494.8,"Galbreath Preserve, Mendocino County, CA",2019-05-30T00:00:00.0,3000-01-01T00:00:00.0
BK,GASB,39.65471,-122.71595,1354.8,"Alder Springs, CA, USA",2005-09-22T00:00:00.0,3000-01-01T00:00:00.0
BK,GTSB,39.31166,-122.60355,1102.4,"Trough Springs/Crackerbox Ridge, CA 95979",2021-03-16T00:00:00.0,3000-01-01T00:00:00.0
BK,HALS,39.81357,-123.72703,582.0,"Hales Grove, Mendocino, CA",2020-06-19T00:00:00.0,3000-01-01T00:00:00.0
BK,HAST,36.3887,-121.5514,542.0,"UC Hastings Preserve, Carmel Valley, CA, USA",2006-02-02T00:00:00.0,2019-02-27T19:57:00.0
BK,HATC,40.8161,-121.46117,1009.3,"Hat Creek Radio Astronomy Obs., Cassel, CA, USA",2005-05-18T00:00:00.0,3000-01-01T00:00:00.0
BK,HAYF,40.5227,-123.23198,776.6,"Tule Creek, Hayfork, CA",2019-11-19T00:00:00.0,3000-01-01T00:00:00.0
BK,HELL,36.680111,-119.02282,1140.0,"Rademacher Property, Miramonte, CA, USA",2005-04-09T00:00:00.0,3000-01-01T00:00:00.0
BK,HOPS,38.99349,-123.07234,299.1,"Hopland Research and Extension Center, Hopland, CA",1994-10-21T02:23:00.0,3000-01-01T00:00:00.0
BK,HULI,36.02134,-121.23554,342.0,"Fort Hunter Liggett, CA",2017-08-11T18:00:00.0,3000-01-01T00:00:00.0
BK,INGL,39.52898,-123.69844,290.5,"Smith Ridge, Inglenook, CA",2019-08-06T00:00:00.0,3000-01-01T00:00:00.0
BK,JAS,37.94663,-120.43933,428.1,"Jamestown, CA, USA",1980-10-01T00:00:00.0,1984-07-25T23:59:00.0
BK,JAS1,37.92663,-120.42103,398.1,"Jamestown, CA, USA",1984-07-26T00:00:00.0,1986-10-24T23:59:00.0
BK,JCC,40.81745,-124.02955,27.25,"Jacoby Creek, Bayside, CA, USA",2001-04-11T21:27:00.0,3000-01-01T00:00:00.0
BK,JEPS,38.25789,-121.82518,6.1,"Jepson Prairie, Dixon, CA",2018-12-13T00:00:00.0,3000-01-01T00:00:00.0
BK,JRSC,37.40373,-122.23868,70.5,"Jasper Ridge Biol. Preserve, Stanford, CA, USA",1994-06-30T21:20:00.0,3000-01-01T00:00:00.0
BK,KARE,36.59736,-119.50381,104.1,"Kearney REC, Parlier, CA",2018-12-03T00:00:00.0,3000-01-01T00:00:00.0
BK,KCC,37.32363,-119.3187,888.1,"Kaiser Creek, CA, USA",1995-12-09T00:00:00.0,3000-01-01T00:00:00.0
BK,LAND,36.05864,-121.58752,164.9,"Landels-Hill Big Creek Reserve, Lucia, CA",2019-07-26T00:00:00.0,3000-01-01T00:00:00.0
BK,LCOW,40.64261,-122.18524,236.2,"Little Cow Creek, Bella Vista, CA",2020-06-05T00:00:00.0,3000-01-01T00:00:00.0
BK,LCUV,35.65196,-120.73221,408.6,"Le Cuvier Winery, Paso Robles, CA",2019-04-03T00:00:00.0,3000-01-01T00:00:00.0
BK,LEGD,37.21426,-120.14916,92.5,"Drayer Ranch, Le Grand, CA",2018-12-05T00:00:00.0,3000-01-01T00:00:00.0
BK,LIND,36.35307,-119.05668,158.0,"Lindcove REC, Exeter, CA",2018-12-06T00:00:00.0,3000-01-01T00:00:00.0
BK,MCCM,38.14478,-122.88018,-7.7,"Marconi Conference Center, Marshall, CA, USA",2006-02-03T18:30:00.0,3000-01-01T00:00:00.0
BK,MERC,37.3889,-120.45944,65.0,"Merced, CA",2020-09-30T00:00:00.0,3000-01-01T00:00:00.0
BK,MHC,37.34164,-121.64257,1250.4,"Lick Observatory, Mt. Hamiliton, CA, USA",1986-09-10T00:00:00.0,3000-01-01T00:00:00.0
BK,MHDL,37.84232,-122.49431,94.5,"Marin Headlands, GG Nat'l Rec. Area, CA, USA",2006-05-17T23:00:00.0,3000-01-01T00:00:00.0
BK,MIN,40.34601,-121.60656,1470.9,"Mt. Lassen Park Hdqts, Mineral, CA, USA",1993-03-19T19:46:00.0,1999-12-08T18:10:00.0
BK,MMI,37.41964,-119.74378,1307.7,"Miami Mountain, Sierra National Forest, Mariposa County",2021-03-19T17:45:00.0,3000-01-01T00:00:00.0
BK,MNDO,39.31418,-123.74511,179.4,"Woodlands Fire Station, Mendocino, CA",2019-06-05T00:00:00.0,3000-01-01T00:00:00.0
BK,MNRC,38.87874,-122.44277,709.87,"McLaughlin Natural Reserve (UC Davis), CA, USA",2003-06-19T15:00:00.0,3000-01-01T00:00:00.0
BK,MOBB,36.69065,-122.16603,-1036.5,"Monterey Bay Ocean Bottom, CA, USA",2002-04-10T18:43:00.0,2016-08-03T19:29:00.0
BK,MOD,41.90246,-120.30295,1554.5,"Modoc Plateau, CA, USA",1999-10-16T00:00:00.0,3000-01-01T00:00:00.0
BK,MOGU,41.83072,-122.4205,825.3,"York Ranch, Montague, CA",2019-02-27T00:00:00.0,3000-01-01T00:00:00.0
BK,MTOS,37.5049,-121.3278,310.0,"Mt Oso, Westley, CA, USA",2017-05-06T00:20:00.0,3000-01-01T00:00:00.0
BK,OAKV,38.43057,-122.41085,59.6,"Oakville Experimental Vineyard, Oakville, CA",2018-12-18T17:00:00.0,3000-01-01T00:00:00.0
BK,ORV,39.55451,-121.50036,334.7,"Oroville Dam, Oroville, CA, USA",1992-07-31T18:50:00.0,3000-01-01T00:00:00.0
BK,OVRO,37.23066,-118.283,1216.0,"Owens Valley Radio Observatory, Big Pine, CA",2019-08-01T00:00:00.0,3000-01-01T00:00:00.0
BK,OXMT,37.49936,-122.42431,209.1,"Ox Mountain, CA, USA",2003-12-20T00:10:00.0,3000-01-01T00:00:00.0
BK,PACP,37.008,-121.287,844.0,"Pacheco Peak, CA, USA",2003-06-19T15:00:00.0,3000-01-01T00:00:00.0
BK,PETL,40.28844,-124.34259,49.6,"Punta Gorda, Petrolia, CA",2019-03-01T00:00:00.0,3000-01-01T00:00:00.0
BK,PETY,40.1766,-122.7884,962.0,"Long Grade, Pettyjohn, CA; Formerly TA# O02D",2017-09-14T23:59:00.0,3000-01-01T00:00:00.0
BK,PINL,38.01,-122.36602,13.9,"Point Pinole, Richmond, CA",2018-10-23T00:00:00.0,3000-01-01T00:00:00.0
BK,PKD,35.94517,-120.5416,583.0,"Bear Valley Ranch, Parkfield, CA, USA",1996-09-06T16:28:00.0,3000-01-01T00:00:00.0
BK,PKD1,35.8894,-120.42611,431.6,"Haliburton House, Parkfield, CA, USA",1992-10-21T00:00:00.0,2000-10-01T23:59:00.0
BK,POTR,38.20263,-121.93535,20.0,"Potrero Hills, Fairfield, CA, USA",1998-12-10T22:18:00.0,2005-02-05T01:29:00.0
BK,QRDG,38.48086,-122.14485,364.1,"Quail Ridge Reserve, Napa, CA",2018-10-26T00:00:00.0,3000-01-01T00:00:00.0
BK,RAMR,35.63597,-120.86984,416.8,"Ramage Ranch, Paso Robles, CA, USA",2004-11-06T00:00:00.0,3000-01-01T00:00:00.0
BK,RBOW,40.33467,-124.11136,1100.0,"Rainbow Ridge, Humboldt, CA",2020-06-16T00:00:00.0,3000-01-01T00:00:00.0
BK,RUSS,38.54465,-121.86743,28.6,"Russell Ranch ASI., Davis, CA",2019-01-16T00:00:00.0,3000-01-01T00:00:00.0
BK,RVIT,39.90629,-123.37859,781.8,"Round Valley Indian Tribe, Mendocino County, CA",2019-10-01T00:00:00.0,3000-01-01T00:00:00.0
BK,SAGE,40.79458,-122.03895,758.0,"Sage Hen Hill, Round Mountain, CA USA",2020-10-20T00:00:00.0,3000-01-01T00:00:00.0
BK,SAO,36.76403,-121.44722,317.2,"San Andreas Geophysical Obs., Hollister, CA, USA",1988-01-28T00:00:00.0,3000-01-01T00:00:00.0
BK,SCOT,41.392,-122.8538,960.0,"Callahan, CA, USA",2017-06-14T23:45:00.0,3000-01-01T00:00:00.0
BK,SCZ,36.598,-121.403,261.0,"Chualar Canyon, Santa Cruz, CA, USA",2013-04-10T22:27:00.0,3000-01-01T00:00:00.0
BK,SFRE,39.25655,-121.32278,282.0,"Sierra Foothills REC, Browns Valley, CA",2019-02-07T00:00:00.0,3000-01-01T00:00:00.0
BK,SHEP,41.7826,-121.8393,1391.0,"Macdoel, CA, USA",2016-12-21T01:17:00.0,3000-01-01T00:00:00.0
BK,SIGP,41.87266,-124.06781,547.6,"Signal Peak, near Fort Dick CA, USA",2018-10-30T00:00:00.0,3000-01-01T00:00:00.0
BK,STAN,37.40393,-122.17508,125.5,"Stanford, CA, USA",1991-08-20T00:20:00.0,1994-06-30T15:06:00.0
BK,SUTB,39.2291,-121.7861,252.0,"Sutter Buttes, CA, USA",2005-10-16T00:00:00.0,3000-01-01T00:00:00.0
BK,TCHL,35.688123,-120.400916,431.0,"Clark Property, Shandon, CA, USA",2013-06-19T19:45:00.0,3000-01-01T00:00:00.0
BK,THIS,35.72405,-120.22845,643.0,"South End of Cholame Valley, Shandon, CA, USA",2012-05-07T16:25:00.0,3000-01-01T00:00:00.0
BK,TOLH,36.94966,-119.44162,383.3,"Petersen Ranch, Tollhouse, CA",2020-10-01T00:00:00.0,3000-01-01T00:00:00.0
BK,TRAM,35.67691,-120.27093,642.0,"Rambo Property, Shandon, CA, USA",2012-12-13T00:46:00.0,3000-01-01T00:00:00.0
BK,TRIN,40.9741,-122.705,935.0,"Scott Ranch, Trinity Center, CA USA",2017-07-12T16:00:00.0,3000-01-01T00:00:00.0
BK,TSCN,35.543978,-120.348062,476.4672,"Shell Creek North, Shandon, CA, USA",2012-03-09T00:00:00.0,3000-01-01T00:00:00.0
BK,TULE,41.9647,-121.46731,1231.1,"Intermountain Research and Extension Center, Tulelake, CA",2019-01-18T00:00:00.0,3000-01-01T00:00:00.0
BK,TWIT,38.09712,-121.68321,-3.0,"Twitchell Island Reclamation, Rio Vista, CA",2019-07-01T00:00:00.0,3000-01-01T00:00:00.0
BK,VAK,37.877526,-122.24889,266.0,"LBL B46 Tunnel, Berkeley, CA, USA",2010-08-31T00:00:00.0,3000-01-01T00:00:00.0
BK,WDC,40.57988,-122.54113,268.3,"Whiskeytown Dam, Whiskeytown, CA, USA",1992-09-17T19:23:00.0,3000-01-01T00:00:00.0
BK,WEAV,40.74575,-122.98404,1066.8,"Weaverville, CA USA",2018-11-01T00:00:00.0,3000-01-01T00:00:00.0
BK,WELL,38.43847,-120.7241,563.7,"Weller Cave, Western Cave Conservancy, Sutter Creek, CA",2019-05-02T00:00:00.0,3000-01-01T00:00:00.0
BK,WENL,37.62211,-121.75697,138.9,"Wente Vineyards, Livermore, CA, USA",1997-06-21T01:11:00.0,3000-01-01T00:00:00.0
BK,WINE,36.670213,-119.907716,73.5,"Golden State Vintners, Fresno, CA USA",2019-01-29T00:00:00.0,3000-01-01T00:00:00.0
BK,WSRE,36.33543,-120.11723,88.1,"West Side REC, Calflax, CA USA",2018-11-15T00:00:00.0,3000-01-01T00:00:00.0
BK,YBH,41.73204,-122.71039,1059.7,"Yreka Blue Horn Mine, Yreka, CA, USA",1993-07-24T01:03:00.0,3000-01-01T00:00:00.0
BK,YUBA,39.33756,-120.53722,2370.9,"Signal Peak, Yuba Pass, CA",2019-09-27T12:00:00.0,3000-01-01T00:00:00.0
NC,AFD,38.945961,-120.968971,505.0,Forest Hills Divide #2,1984-01-01T00:00:00.0,3000-01-01T00:00:00.0
NC,BBGB,36.578484,-121.039566,1089.0,Big Mountain #3,2008-06-27T20:52:00.0,3000-01-01T00:00:00.0
NC,CMW,37.540531,-121.887344,369.0,Mill Creek,2012-01-11T21:17:00.0,3000-01-01T00:00:00.0
NC,GDXB,38.807968,-122.795303,939.0,Geysers,2006-05-23T00:00:00.0,3000-01-01T00:00:00.0
NC,KBO,42.212357,-124.225983,1010.0,Bosley Butte,2001-08-29T20:00:00.0,2020-06-25T16:54:00.0
NC,KCPB,39.68631,-123.58242,1261.0,Cahto Peak #2,1999-08-03T00:00:00.0,3000-01-01T00:00:00.0
NC,KCT,40.475567,-124.337486,378.0,Cape Town,1984-01-01T00:00:00.0,3000-01-01T00:00:00.0
NC,KHBB,40.659901,-123.219658,1864.0,Hayfork Bally,2003-09-11T23:30:00.0,3000-01-01T00:00:00.0
NC,KHMB,40.874748,-123.73259,1501.0,Horse Mountain,1999-08-06T00:00:00.0,3000-01-01T00:00:00.0
NC,KMPB,40.417194,-124.120758,938.0,Mount Pierce,2000-04-27T00:00:00.0,3000-01-01T00:00:00.0
NC,KMR,40.202175,-123.708633,915.0,Mail Ridge,2003-07-25T16:16:00.0,3000-01-01T00:00:00.0
NC,KRMB,41.522957,-123.907974,1266.0,Red Mountain,2001-06-16T19:10:00.0,3000-01-01T00:00:00.0
NC,KRP,41.157654,-124.0233,813.0,Rodgers #3,1984-01-01T00:00:00.0,3000-01-01T00:00:00.0
NC,KSXB,41.830379,-123.876884,1136.0,Camp Six,2001-07-13T20:47:00.0,3000-01-01T00:00:00.0
NC,LBR,41.40942,-122.06776,1607.0,Brewer Creek (Mt Shasta),2017-11-08T16:40:00.0,3000-01-01T00:00:00.0
NC,LDH,40.511902,-121.581596,2060.0,Deep Hole (Lassen),2005-09-19T11:00:00.0,3000-01-01T00:00:00.0
NC,LDL,41.38136,-122.29369,1706.0,Dillon Ridge,2017-10-05T00:00:00.0,3000-01-01T00:00:00.0
NC,LEL,40.464184,-121.517967,2415.0,Emerald Lake,2003-09-25T01:30:00.0,3000-01-01T00:00:00.0
NC,LGY,41.34488,-122.19581,2420.0,Grey Butte (Mt Shasta),2017-09-14T21:30:00.0,3000-01-01T00:00:00.0
NC,LMC,41.274158,-122.121971,1062.0,McCloud,2009-08-06T22:41:00.0,3000-01-01T00:00:00.0
NC,LRD,40.465038,-121.46344,2325.0,Reading Peak,1984-01-01T00:00:00.0,3000-01-01T00:00:00.0
NC,MCB,37.644394,-118.896835,2391.0,Casa Benchmark,2002-09-20T00:00:00.0,3000-01-01T00:00:00.0
NC,MDPB,37.632267,-119.079353,2360.0,Devils Postpile,2008-09-25T19:49:00.0,3000-01-01T00:00:00.0
NC,MDY,37.658039,-119.012154,2789.0,Dry Creek,2011-11-03T16:07:00.0,3000-01-01T00:00:00.0
NC,MINS,37.65377,-119.060928,2796.0,Minaret Summit,2011-10-20T20:16:00.0,3000-01-01T00:00:00.0
NC,MLI,37.636761,-119.017906,3075.0,Lincoln Peak,2011-10-05T00:24:00.0,3000-01-01T00:00:00.0
NC,MMLB,37.659092,-118.979065,2656.0,Mammoth Lakes Knolls,2002-09-17T00:00:00.0,3000-01-01T00:00:00.0
NC,OBHB,39.65176,-121.461945,921.0,Bloomer Hill #3,2002-04-26T21:00:00.0,3000-01-01T00:00:00.0
NC,PAGB,35.730652,-120.249863,480.0,Antelope Grade,2004-10-04T00:00:00.0,3000-01-01T00:00:00.0
NC,PMPB,36.215904,-120.801262,802.0,Monarch Peak,2004-05-21T20:08:00.0,3000-01-01T00:00:00.0
NC,SN01,38.304588,-122.3396,50.0,SN Browns Valley Elem,2014-08-25T22:00:00.0,2014-09-25T21:38:00.0
NC,SN02,38.30624,-122.335701,51.0,SN Sprig Court,2014-08-25T21:15:00.0,2014-10-01T20:33:00.0
NC,SN03,38.308868,-122.347298,68.0,SN Morningside-Skylark,2014-08-26T01:30:00.0,2014-10-01T21:15:00.0
NC,SN04,38.313141,-122.344902,58.0,SN Columbia Dr,2014-08-25T23:40:00.0,2014-09-25T20:09:00.0
NC,SN05,38.309261,-122.325104,47.0,SN Larkin Way,2014-08-26T01:15:00.0,2014-10-01T21:40:00.0
NC,SN06,38.306419,-122.314201,20.0,SN W Lincoln Ave,2014-08-26T00:10:00.0,2014-10-01T22:07:00.0
NC,SN07,38.30571,-122.301003,15.0,SN H Street,2014-08-26T01:25:00.0,2014-10-01T22:32:00.0
NC,SN09,38.299721,-122.288803,8.0,SN American Legion,2014-08-27T23:10:00.0,2014-10-01T18:49:00.0
NC,SN10,38.30275,-122.288803,4.0,SN Main-Napa,2014-08-27T21:10:00.0,2014-10-01T18:23:00.0
NC,SN11,38.295841,-122.285301,7.0,SN Treadway-Wigger,2014-08-28T00:55:00.0,2014-10-01T19:20:00.0
NN,DNY,41.081299,-119.276604,2012.0,Donnelly Peak Nev.,1985-11-22T00:00:00.0,2010-11-19T23:59:00.0
NN,EMB,38.9744,-120.102898,2134.2,"Emerald Bay, California w84",2599-12-31T23:59:59.0,3000-01-01T00:00:00.0
NN,LHV,38.251301,-118.504898,2353.0,Little Huntoon Valley,2599-12-31T23:59:59.0,3000-01-01T00:00:00.0
NN,MNA,38.432835,-118.15667,1524.0,Mina Nev.,2001-08-16T00:00:00.0,2010-11-19T23:59:00.0
NN,OMMB,37.613098,-119.000504,2768.0,"Old Mammoth Mine, surface, wgs-84",2599-12-31T23:59:59.0,3000-01-01T00:00:00.0
NN,PNT,39.0891,-119.5997,2076.0,"Pine Nut, Nevada w84",2599-12-31T23:59:59.0,3000-01-01T00:00:00.0
NN,REDF,39.389999,-119.764702,1466.0,"Redfield Campus, S. Reno, Nevada",2599-12-31T23:59:59.0,3000-01-01T00:00:00.0
NN,TVH1,38.4574,-118.7658,3136.0,"TV Hill 1, Hawthorne, NV",2599-12-31T23:59:59.0,3000-01-01T00:00:00.0
NP,DIX,38.37706,-121.842377,16.0,Maine Praire Water Dst,2599-12-31T23:59:59.0,3000-01-01T00:00:00.0
NP,MOD,37.620201,-121.122284,16.0,Modesto Volunteer FS,2599-12-31T23:59:59.0,3000-01-01T00:00:00.0
NP,SIA,38.050282,-121.736687,-1.0,Sherman Island,2599-12-31T23:59:59.0,3000-01-01T00:00:00.0
AZ,BZN,33.4915,-116.667,1301.0,"Buzz Northerns Place, Anza, CA, USA",2599-12-31T23:59:59.0,3000-01-01T00:00:00.0
AZ,CPE,32.8889,-117.1051,150.0,"Camp Elliot, Miramar, CA, USA",2599-12-31T23:59:59.0,3000-01-01T00:00:00.0
AZ,CRY,33.5654,-116.7373,1128.0,"Cary Ranch, Anza, CA, USA",2599-12-31T23:59:59.0,3000-01-01T00:00:00.0
AZ,FRD,33.4947,-116.6022,1164.0,"Ford Ranch, Anza, CA, USA",2599-12-31T23:59:59.0,3000-01-01T00:00:00.0
AZ,MONP2,32.892,-116.4223,1875.0,"Monument Peak TA Vault, Mt. Laguna, CA, USA",2599-12-31T23:59:59.0,3000-01-01T00:00:00.0
AZ,PFO,33.6117,-116.4594,1259.0,"Pinyon Flats Observatory, CA, USA",2599-12-31T23:59:59.0,3000-01-01T00:00:00.0
AZ,RDM,33.63,-116.8478,1365.0,"Red Mountain, Riverside Co, CA, USA",2599-12-31T23:59:59.0,3000-01-01T00:00:00.0
AZ,SIO5,32.8407,-117.2497,217.0,"Mt. Soledad, La Jolla, CA",2599-12-31T23:59:59.0,3000-01-01T00:00:00.0
AZ,SMER,33.4577,-117.1708,355.7,"Santa Margarita Ecological Reserve, CA, USA",2599-12-31T23:59:59.0,3000-01-01T00:00:00.0
AZ,SND,33.5519,-116.6129,1358.0,"Jim Saunders Place, Anza, CA, USA",2599-12-31T23:59:59.0,3000-01-01T00:00:00.0
AZ,TRO,33.5234,-116.4257,2628.0,"Toro Peak, Riverside Co, CA, USA",2599-12-31T23:59:59.0,3000-01-01T00:00:00.0
AZ,WMC,33.5736,-116.6747,1271.0,"Walmic Ranch, Anza, CA, USA",2599-12-31T23:59:59.0,3000-01-01T00:00:00.0
BC,CPX,32.4195,-115.305,192.0,CERRO PRIETO,2599-12-31T23:59:59.0,3000-01-01T00:00:00.0
BC,PESCX,32.4338,-114.9649,0.0,Pescaderos la 14,2599-12-31T23:59:59.0,3000-01-01T00:00:00.0
BC,RMX,32.5535,-116.0288,1278.0,Rumorosa,2599-12-31T23:59:59.0,3000-01-01T00:00:00.0
BC,SLRCX,32.4579,-114.7049,47.0,San Luis Rio Colorado,2599-12-31T23:59:59.0,3000-01-01T00:00:00.0
BC,SLRX,32.45885,-114.706,49.0,San Luis Rio Colorado,2015-06-02T20:00:00.0,3000-01-01T00:00:00.0
BC,TJX,32.51017,-117.0543,210.0,Tijuana,2599-12-31T23:59:59.0,3000-01-01T00:00:00.0
BC,TKX,32.5687,-116.6075,541.0,Tecate,2599-12-31T23:59:59.0,3000-01-01T00:00:00.0
BC,TLX,32.448,-115.0587,15.0,Tlaxcala,2599-12-31T23:59:59.0,3000-01-01T00:00:00.0
BC,UABX,32.6316,-115.4447,44.3,UABC Campus Mexicali,2599-12-31T23:59:59.0,3000-01-01T00:00:00.0
BC,YUCAX,32.6054,-115.0094,0.0,Ejido Yucatan,2599-12-31T23:59:59.0,3000-01-01T00:00:00.0
BK,HALS,39.81357,-123.72703,582.0,"Hales Grove, Mendocino, CA",2020-06-05T00:00:00.0,2020-06-19T00:00:00.0
CI,ACP,32.9546,-116.30338,392.2,Agua Caliente County Park,2014-12-31T00:00:00.0,3000-01-01T00:00:00.0
CI,ADO,34.55046,-117.43391,908.0,Adelanto Receiving,2000-08-09T00:00:00.0,3000-01-01T00:00:00.0
CI,AGA,33.63838,-116.4011,809.0,Agave Hill,1999-11-16T00:00:00.0,2005-05-11T00:00:00.0
CI,ALP,34.68708,-118.29946,753.0,Antelope,1999-10-05T00:00:00.0,3000-01-01T00:00:00.0
CI,ARV,35.1269,-118.83009,258.0,Arvin,1983-09-15T00:00:00.0,3000-01-01T00:00:00.0
CI,AVM,35.06562,-116.61549,708.5,Alvord Mountain,2015-05-12T16:50:00.0,3000-01-01T00:00:00.0
CI,BAK,35.34444,-119.10445,116.0,Calstate Bakersfield,1999-06-21T00:00:00.0,3000-01-01T00:00:00.0
CI,BAR,32.68005,-116.67215,529.0,Barrett,1932-09-04T00:00:00.0,3000-01-01T00:00:00.0
CI,BBR,34.2623,-116.92075,2069.0,Big Bear Solar Observatory,2000-06-14T22:00:00.0,3000-01-01T00:00:00.0
CI,BBS,33.92139,-116.98058,785.0,Beaumont Base,2000-09-13T00:00:00.0,3000-01-01T00:00:00.0
CI,BC3,33.65515,-115.45366,1137.0,Big Chuckawalla Mtns,1991-05-08T00:00:00.0,3000-01-01T00:00:00.0
CI,BCC,33.57508,-117.26119,391.0,Bear Creek Country Club,2000-07-11T22:45:00.0,2005-08-08T19:00:00.0
CI,BCW,34.94009,-119.41313,1101.0,Bitter Creek Wildlife,2008-04-08T19:00:00.0,3000-01-01T00:00:00.0
CI,BEL,34.0006,-115.9982,1388.0,Belle Mountain Joshua Tree,2001-03-15T00:00:00.0,3000-01-01T00:00:00.0
CI,BFS,34.23883,-117.65853,1312.0,Mt. Baldy Ranger Station,2001-07-10T00:00:00.0,3000-01-01T00:00:00.0
CI,BHP,33.99053,-118.36171,81.0,Baldwin Hills,2009-05-20T19:45:00.0,3000-01-01T00:00:00.0
CI,BKR,35.2693,-116.0703,275.0,Baker,1996-10-14T00:00:00.0,2002-02-21T16:15:00.0
CI,BLA,34.06948,-116.38896,1243.0,Blackrock Canyon Campground,2000-04-11T00:00:00.0,2009-01-06T19:01:00.0
CI,BLA2,34.06931,-116.38993,1247.0,Black Rock Canyon Campground 2,2009-08-05T18:11:00.0,3000-01-01T00:00:00.0
CI,BLC,34.24356,-118.67312,607.0,Black Canyon,1994-02-01T00:00:00.0,3000-01-01T00:00:00.0
CI,BLY,33.7503,-114.52375,201.0,Blythe,2004-11-08T19:18:00.0,3000-01-01T00:00:00.0
CI,BOM,33.36465,-115.72963,-54.0,Bombay Beach,2009-02-10T19:10:00.0,3000-01-01T00:00:00.0
CI,BOR,33.2682,-116.41716,252.0,Borrego Springs,2000-06-14T00:00:00.0,3000-01-01T00:00:00.0
CI,BRE,33.80776,-117.98116,24.0,Barre,2000-02-25T00:00:00.0,3000-01-01T00:00:00.0
CI,BTC,33.01213,-115.21987,39.0,Brunts Corner,1999-04-02T00:00:00.0,2012-08-31T20:07:00.0
CI,BTP,34.68224,-118.57398,1702.0,Burnt Peak,1997-12-03T00:00:00.0,3000-01-01T00:00:00.0
CI,CALB,34.1401,-118.62839,276.0,Calabasas,1994-01-17T00:00:00.0,1997-07-26T00:00:00.0
CI,CAP,33.38822,-117.19495,285.0,Capra Ranch,2000-04-13T00:00:00.0,2007-10-25T15:00:00.0
CI,CAR,35.30819,-119.84583,765.0,Carrizo Plain,2006-04-07T00:00:00.0,3000-01-01T00:00:00.0
CI,CCA,35.15252,-118.01649,710.0,California City Airport,2002-04-04T00:00:00.0,3000-01-01T00:00:00.0
CI,CCC,35.52495,-117.36453,670.0,Christmas Canyon China Lake,2001-06-22T00:00:00.0,3000-01-01T00:00:00.0
CI,CDD,32.58395,-114.35617,213.6,Camino Del Diablo,2016-09-19T00:00:00.0,3000-01-01T00:00:00.0
CI,CDM,34.36855,-119.341437,166.8,Casitas Dam,2019-06-17T00:00:00.0,3000-01-01T00:00:00.0
CI,CGO,36.5504,-117.80295,2795.0,Cerro Gordo,2001-12-11T00:00:00.0,3000-01-01T00:00:00.0
CI,CHF,34.33341,-118.02585,1594.0,Chilao Flat Rngr Sta,1998-11-03T00:00:00.0,3000-01-01T00:00:00.0
CI,CHN,33.99879,-117.68044,208.0,Chino,1999-10-12T00:00:00.0,3000-01-01T00:00:00.0
CI,CHR,34.729019,-119.392693,1021.8,Ventucopa,2017-06-21T00:00:00.0,3000-01-01T00:00:00.0
CI,CIA,33.401898,-118.415021,477.0,Catalina Island Airport,1998-09-10T00:00:00.0,3000-01-01T00:00:00.0
CI,CIU,33.44577,-118.483,36.5,Catalina Island,1997-06-18T00:00:00.0,1998-10-01T00:00:00.0
CI,CJM,34.27117,-117.42448,1616.0,Cajon Mountain,2011-11-17T00:00:00.0,3000-01-01T00:00:00.0
CI,CJV2,34.52978,-118.1445,1296.0,Casa Juvan 2,2013-11-14T00:00:00.0,3000-01-01T00:00:00.0
CI,CKP,33.55507,-114.8904,145.0,Chuckwalla Valley State Prison,2016-11-16T00:00:00.0,3000-01-01T00:00:00.0
CI,CLC,35.81574,-117.59751,775.0,China Lake,1948-07-08T00:00:00.0,3000-01-01T00:00:00.0
CI,CLT,34.09284,-117.31687,325.0,Calectric,1999-10-28T00:00:00.0,3000-01-01T00:00:00.0
CI,COA,32.86341,-115.12339,36.0,Coachella,1973-03-31T00:00:00.0,3000-01-01T00:00:00.0
CI,COO,33.89604,-118.21639,20.9,Compton,1996-04-25T00:00:00.0,2000-03-30T18:07:00.0
CI,CPP,34.0602,-117.809,205.0,Cal Poly Pomona,1997-02-07T00:00:00.0,2003-11-10T00:00:00.0
CI,CRG,35.2422,-119.72486,1169.0,Crocker Grade,1976-07-21T00:00:00.0,3000-01-01T00:00:00.0
CI,CRP,34.13624,-118.12705,233.0,Caltech Robinson Pit,2003-01-31T00:00:00.0,2008-11-04T16:30:00.0
CI,CRR,32.88682,-115.96918,66.0,Carrizo,1950-04-09T00:00:00.0,3000-01-01T00:00:00.0
CI,CSH,33.6442,-116.5956,1637.0,Camp Scherman,2016-02-01T00:00:00.0,3000-01-01T00:00:00.0
CI,CTC,33.65516,-115.99006,538.0,Cactus City,2000-04-27T00:00:00.0,3000-01-01T00:00:00.0
CI,CTD,33.35486,-118.44436,190.0,Catalina Thompson,2007-07-26T00:00:00.0,2013-10-07T21:35:00.0
CI,CTW,33.67728,-115.87214,504.0,Cottonwood Mtns,1977-08-31T00:00:00.0,3000-01-01T00:00:00.0
CI,CWC,36.439047,-118.080495,1569.5,Cottonwood Creek,1965-10-15T00:00:00.0,3000-01-01T00:00:00.0
CI,CWP,33.557975,-117.55775,242.6,Ronald W. Caspers Wilderness Park,2018-02-14T20:00:00.0,3000-01-01T00:00:00.0
CI,CYP,32.906111,-116.627222,1013.7,Cuyamaca Peak,2017-07-14T17:00:00.0,3000-01-01T00:00:00.0
CI,DAN,34.63745,-115.38115,428.0,Danby,1998-09-22T00:00:00.0,3000-01-01T00:00:00.0
CI,DAW,36.27148,-117.59214,0.0,Darwin,2017-02-27T00:00:00.0,3000-01-01T00:00:00.0
CI,DEC,34.25353,-118.33383,519.0,Green Verdugo Site,2000-08-10T20:30:00.0,3000-01-01T00:00:00.0
CI,DEV,33.93597,-116.57794,337.0,Devers,1997-11-11T00:00:00.0,3000-01-01T00:00:00.0
CI,DGR,33.65001,-117.00947,650.0,Domenigoni,1993-06-22T00:00:00.0,3000-01-01T00:00:00.0
CI,DJJ,34.10618,-118.45505,268.0,Donna Jones Jenkins,1998-11-09T00:00:00.0,3000-01-01T00:00:00.0
CI,DLA,33.84822,-118.09624,14.0,Del Amo,2000-05-04T23:59:00.0,3000-01-01T00:00:00.0
CI,DNR,33.56667,-116.63056,1274.0,Dunn Ranch,2001-10-22T00:00:00.0,3000-01-01T00:00:00.0
CI,DPP,32.99889,-116.94187,463.0,Dos Picos County Park,2000-10-24T00:00:00.0,3000-01-01T00:00:00.0
CI,DRC,32.8054,-115.44654,-15.0,Desert Research Center,1998-10-02T00:00:00.0,2002-07-17T00:00:00.0
CI,DRE,32.80532,-115.44679,-13.0,Desert Research Extended Center,2002-07-17T00:00:00.0,3000-01-01T00:00:00.0
CI,DSC,35.14255,-116.10395,283.0,Desert Studies Center,2002-10-29T00:00:00.0,3000-01-01T00:00:00.0
CI,DSN10,34.136187,-118.127443,232.0,sensor test site at B152 Seismolab,2016-07-01T00:00:00.0,3000-01-01T00:00:00.0
CI,DSN5,34.17141,-118.18523,341.0,CI DSN5 test vault - 1st datalogger,2010-03-19T00:00:00.0,3000-01-01T00:00:00.0
CI,DSN6,34.17141,-118.18523,341.0,CI DSN6 test vault - 2nd datalogger,2010-03-19T00:00:00.0,3000-01-01T00:00:00.0
CI,DTP,35.26742,-117.84581,908.0,Desert Tortoise Park,1981-05-31T00:00:00.0,3000-01-01T00:00:00.0
CI,DVT,32.65915,-116.10061,881.0,Desert View Tower,2001-06-22T00:00:00.0,2010-01-14T00:05:00.0
CI,DZA,32.60657,-116.77477,554.7,Dulzura,2016-03-21T00:00:00.0,3000-01-01T00:00:00.0
CI,EDW,34.88303,-117.99106,789.0,Edwards Air Force Base,1990-03-15T00:00:00.0,2004-08-03T16:42:00.0
CI,EDW2,34.8811,-117.99388,772.0,Edwards 2,2004-05-04T00:00:00.0,3000-01-01T00:00:00.0
CI,ELS2,33.64907,-117.42604,844.0,Elsinore 2,2013-05-21T00:00:00.0,3000-01-01T00:00:00.0
CI,EML,32.89083,-116.84566,161.0,El Monte County Park,2000-10-26T00:00:00.0,3000-01-01T00:00:00.0
CI,ERR,33.11675,-115.82267,-56.0,Elmore's Ranch,2000-01-13T00:00:00.0,2014-03-24T00:00:00.0
CI,ERR,33.11652,-115.82273,-56.0,Elmore's Ranch,2014-03-24T00:00:00.0,3000-01-01T00:00:00.0
CI,FDR,35.64262,-118.93433,352.1,5 Dogs Range,2018-04-30T00:00:00.0,3000-01-01T00:00:00.0
CI,FHO,34.09355,-116.93588,1614.0,Forest Home - SOSAF Station,2009-08-04T19:20:00.0,3000-01-01T00:00:00.0
CI,FIG,34.72832,-119.98803,945.0,Figueroa Mountain,2001-02-02T00:00:00.0,3000-01-01T00:00:00.0
CI,FMP,33.71264,-118.29381,89.0,Fort Macarthur Park,2000-08-30T00:00:00.0,3000-01-01T00:00:00.0
CI,FOX2,34.7339,-118.24046,719.7,Fox Airport 2,2013-07-15T00:00:00.0,3000-01-01T00:00:00.0
CI,FPC,35.082,-117.58267,916.7,Federal Prison Camp,1997-02-19T00:00:00.0,2001-06-14T00:00:00.0
CI,FRK,33.40209,-115.63835,60.0,Frink,1981-07-31T00:00:00.0,3000-01-01T00:00:00.0
CI,FUR,36.46703,-116.86322,-37.0,Furnace Creek,1996-11-19T00:00:00.0,3000-01-01T00:00:00.0
CI,GATR,34.55266,-120.50235,590.0,GATR Compound,2008-07-02T15:00:00.0,3000-01-01T00:00:00.0
CI,GLA,33.05149,-114.82706,610.0,Glamis,1966-12-19T00:00:00.0,3000-01-01T00:00:00.0
CI,GMA,34.29148,-116.38256,848.0,Goat Mountain Astronomical Research Station,2013-12-04T00:00:00.0,3000-01-01T00:00:00.0
CI,GMR,34.78457,-115.65994,1326.0,Granite Mountains Research Center,2006-04-04T00:00:00.0,3000-01-01T00:00:00.0
CI,GOR,33.1537,-117.22921,138.0,Green Oak Ranch,1999-06-29T00:00:00.0,3000-01-01T00:00:00.0
CI,GPO,35.6494,-117.6619,705.0,Geothermal Prog Off,1996-01-15T00:00:00.0,1998-01-25T00:00:00.0
CI,GR2,34.11816,-118.30024,342.0,Griffith Observatory,1998-03-30T00:00:00.0,3000-01-01T00:00:00.0
CI,GRA,36.99608,-117.36621,689.0,Grapevine Ranger Station,2001-04-18T00:00:00.0,3000-01-01T00:00:00.0
CI,GSC,35.30177,-116.80574,1000.0,Goldstone,1961-11-07T00:00:00.0,3000-01-01T00:00:00.0
CI,HAR,35.0114,-117.29909,620.0,Harper Dry Lake bed,2013-12-04T00:00:00.0,3000-01-01T00:00:00.0
CI,HAY,33.70734,-115.63889,458.0,Hayfield,2014-07-17T00:00:00.0,3000-01-01T00:00:00.0
CI,HDH,34.77529,-118.63999,964.6,High Desert Hunt Club - Tejon Ranch,2015-06-15T00:00:00.0,3000-01-01T00:00:00.0
CI,HEC,34.8294,-116.335,920.0,Hector,1997-08-01T00:00:00.0,3000-01-01T00:00:00.0
CI,HIW,35.03998,-115.38423,1276.9,Hole In The Wall,2017-06-08T00:00:00.0,3000-01-01T00:00:00.0
CI,HLL,34.17643,-118.35967,193.0,North Hollywood,2000-03-23T00:00:00.0,3000-01-01T00:00:00.0
CI,HMT2,33.708115,-117.001524,593.0,Hemet 2,2013-05-21T00:00:00.0,3000-01-01T00:00:00.0
CI,HOL,34.45831,-117.84539,1267.0,Holcomb Ridge,2014-07-22T19:00:00.0,3000-01-01T00:00:00.0
CI,HYS,34.86532,-117.56975,833.0,Haystack Butte,1983-09-15T00:00:00.0,3000-01-01T00:00:00.0
CI,IBP,32.66112,-116.09286,879.0,Imperial Boulder Park,2010-04-06T20:00:00.0,2011-04-13T20:00:00.0
CI,IDO,33.79678,-116.22152,469.0,Indio Hill,2010-05-04T16:00:00.0,3000-01-01T00:00:00.0
CI,IKP,32.65012,-116.10948,906.0,In-Ko-Pah,1972-03-29T00:00:00.0,3000-01-01T00:00:00.0
CI,IMP,32.90147,-115.56071,-27.0,Imperial,2013-10-29T00:00:00.0,3000-01-01T00:00:00.0
CI,IPT,34.19701,-117.28498,943.0,Inspiration point,2012-01-04T00:00:00.0,2021-03-15T00:00:00.0
CI,IRM,34.15738,-115.14513,567.0,Iron Mountain,2001-12-05T00:00:00.0,3000-01-01T00:00:00.0
CI,ISA,35.66278,-118.47403,873.0,Isabella,1946-03-16T00:00:00.0,3000-01-01T00:00:00.0
CI,JCS,33.0859,-116.5959,1264.0,Julian Camp Stevens,1998-09-17T00:00:00.0,2007-09-16T00:00:00.0
CI,JEM,33.08098,-116.59755,1308.0,Julian Eagle Mine,2008-05-01T21:42:40.0,3000-01-01T00:00:00.0
CI,JNH2,34.448941,-117.95541,1305.0,Juniper Hills 2,2013-07-26T00:00:00.0,3000-01-01T00:00:00.0
CI,JPLS,34.2053,-118.17368,465.6,JPL Station at Mesa Rd.,2019-12-24T00:00:00.0,3000-01-01T00:00:00.0
CI,JRC,35.9823,-117.8076,1452.0,Joshua Ridge,1996-12-19T00:00:00.0,2004-01-14T00:00:00.0
CI,JRC2,35.98249,-117.80885,1469.0,Joshua Ridge: China Lake,2004-01-15T00:00:00.0,3000-01-01T00:00:00.0
CI,JTH,34.12644,-116.03785,609.4,Joshua Tree National Park Headquarters,2013-11-04T00:00:00.0,3000-01-01T00:00:00.0
CI,JVA,34.36622,-116.61266,904.0,Johnson Valley,2001-04-11T00:00:00.0,3000-01-01T00:00:00.0
CI,KYV,33.92545,-116.1734,1498.2,Keys View,2013-11-14T00:00:00.0,3000-01-01T00:00:00.0
CI,LAF,33.86889,-118.33143,20.0,La Fresa,1999-10-15T00:00:00.0,3000-01-01T00:00:00.0
CI,LCG,34.00033,-118.37794,108.0,La Cienega,1999-10-27T00:00:00.0,3000-01-01T00:00:00.0
CI,LCP,34.73551,-120.27996,199.0,Los Alamos County Park,2001-11-14T00:00:00.0,3000-01-01T00:00:00.0
CI,LDF,35.13066,-115.18416,1239.0,Lanfair,1999-11-17T00:00:00.0,3000-01-01T00:00:00.0
CI,LDR,34.9906,-118.34156,1121.0,Leduc Ranch,2001-10-04T00:00:00.0,3000-01-01T00:00:00.0
CI,LFP,34.30529,-118.48805,368.0,Los Angeles,2000-01-24T00:00:00.0,3000-01-01T00:00:00.0
CI,LGB,33.9753,-118.14918,42.0,Laguna Bell,2000-04-06T00:00:00.0,3000-01-01T00:00:00.0
CI,LGU,34.10819,-119.06587,416.0,Laguna Peak,1999-06-13T00:00:00.0,2015-01-22T20:00:00.0
CI,LJR,34.80762,-118.86775,1443.0,Lone Juniper Ranch,2002-11-05T00:00:00.0,3000-01-01T00:00:00.0
CI,LKH,33.23598,-116.75876,847.0,Lake Henshaw,2013-10-29T00:00:00.0,3000-01-01T00:00:00.0
CI,LKL,34.61594,-117.82493,810.0,Lake Los Angeles,1996-05-09T00:00:00.0,2004-11-19T18:10:00.0
CI,LLS,33.68447,-117.94304,8.0,Ellis,2000-02-01T00:00:00.0,3000-01-01T00:00:00.0
CI,LMH,33.74418,-117.39135,496.0,Lake Mathews Hills,2013-05-21T00:00:00.0,3000-01-01T00:00:00.0
CI,LMR,34.93426,-117.69661,965.0,Leuhmann Ridge,2003-02-26T00:00:00.0,2003-09-25T00:00:00.0
CI,LMR2,34.93439,-117.69629,964.0,Leuhmann Ridge Extension,2003-09-25T00:00:00.0,3000-01-01T00:00:00.0
CI,LMS,33.81744,-117.445,443.0,Lake Mathews Shore,2013-05-21T00:00:00.0,3000-01-01T00:00:00.0
CI,LMY,34.733165,-119.10391,1575.0,Lockwood Valley Maintenance Yard,2013-12-04T00:00:00.0,3000-01-01T00:00:00.0
CI,LOC,34.690735,-120.446901,95.0,Lompoc FS #51,2013-12-04T00:00:00.0,3000-01-01T00:00:00.0
CI,LPC,34.31478,-117.54642,1351.0,Lone Pine Canyon,2009-05-28T19:00:00.0,3000-01-01T00:00:00.0
CI,LRL,35.47954,-117.68212,1340.0,Laurel Mtn,1992-07-29T00:00:00.0,3000-01-01T00:00:00.0
CI,LRR2,34.52706,-118.02998,906.0,Little Rock Reservoir 2,2013-05-13T00:00:00.0,3000-01-01T00:00:00.0
CI,LTP,33.8811,-118.17568,20.0,Lighthipe,2000-07-25T00:00:00.0,3000-01-01T00:00:00.0
CI,LUC2,34.45638,-116.96423,886.0,Lucerne Valley 2,2012-06-26T00:00:00.0,3000-01-01T00:00:00.0
CI,LUG,34.3656,-117.36683,1140.0,Lugo,1998-01-28T00:00:00.0,3000-01-01T00:00:00.0
CI,LUS,33.01375,-117.16305,120.7,Lusardi Creek County Preserve,2017-06-20T00:00:00.0,3000-01-01T00:00:00.0
CI,LVO,34.555798,-119.88387,275.6,Live Oak Camp,2019-06-17T00:00:00.0,3000-01-01T00:00:00.0
CI,LYP,32.70333,-116.7548,886.4,Lyon's Peak,2016-05-23T00:00:00.0,3000-01-01T00:00:00.0
CI,MCT,34.22645,-116.04073,661.0,MCC 29palms,2001-01-24T00:00:00.0,3000-01-01T00:00:00.0
CI,MGE,33.81841,-116.36874,68.0,Mirage,1999-10-16T00:00:00.0,3000-01-01T00:00:00.0
CI,MLAC,37.63019,-118.83605,2162.0,Mammoth,1992-11-04T00:00:00.0,3000-01-01T00:00:00.0
CI,MLS,34.0046,-117.56162,230.0,Mira Loma,1998-03-05T00:00:00.0,3000-01-01T00:00:00.0
CI,MOP,34.28096,-118.90469,141.0,Moorpark,1999-09-16T00:00:00.0,3000-01-01T00:00:00.0
CI,MPI,34.81258,-119.1453,2673.0,Mount Pinos,2000-11-01T00:00:00.0,3000-01-01T00:00:00.0
CI,MPM,36.05799,-117.48901,1839.0,Manuel Prospect Mine,1998-06-25T00:00:00.0,3000-01-01T00:00:00.0
CI,MPP,34.88848,-119.81362,1739.0,Mcpherson Peak,2000-10-01T00:00:00.0,3000-01-01T00:00:00.0
CI,MSC,34.03852,-116.64795,938.0,Mission Creek,2009-04-22T20:30:00.0,3000-01-01T00:00:00.0
CI,MSJ,33.80801,-116.96789,466.0,Mt. San Jacinto Campus,1999-07-27T00:00:00.0,3000-01-01T00:00:00.0
CI,MTG,33.19915,-116.64727,1092.0,Mataguay Scout Camp,2013-10-29T00:00:00.0,3000-01-01T00:00:00.0
CI,MTL,34.2688,-118.2374,1540.5,Mount Lukens,1999-04-20T00:00:00.0,1999-06-01T00:00:00.0
CI,MTP,35.48434,-115.5532,1588.0,Mountain Pass,1996-09-10T00:00:00.0,3000-01-01T00:00:00.0
CI,MUR,33.59999,-117.19543,562.0,Murrieta,2005-07-25T00:00:00.0,3000-01-01T00:00:00.0
CI,MWC,34.22362,-118.05832,1725.0,Mount Wilson Obsv,1928-04-23T00:00:00.0,3000-01-01T00:00:00.0
CI,NBS,34.78035,-116.55798,590.0,Newberry Springs,2001-12-19T00:00:00.0,3000-01-01T00:00:00.0
CI,NCH,34.9427,-119.67395,665.0,New Cuyama High School,2013-12-04T00:00:00.0,3000-01-01T00:00:00.0
CI,NEE,34.8249,-114.59941,170.0,Needles,1993-04-20T00:00:00.0,2006-07-27T14:00:00.0
CI,NEE2,34.76759,-114.61881,271.0,Needles Airport,2006-07-27T00:00:00.0,3000-01-01T00:00:00.0
CI,NJQ,34.53412,-120.17737,219.0,Nojoqui County Park,2001-11-20T00:00:00.0,3000-01-01T00:00:00.0
CI,NSS,33.5561,-115.9465,-16.0,North Shore Salton Sea,2000-11-20T00:00:00.0,2004-03-10T18:52:00.0
CI,NSS2,33.55553,-115.94586,17.0,North Shore Salton Sea 2,2004-03-17T11:50:00.0,3000-01-01T00:00:00.0
CI,OAT,34.34361,-118.61442,1089.0,Oat Mountain,1999-03-11T00:00:00.0,3000-01-01T00:00:00.0
CI,OLI,33.94539,-117.92372,162.0,Olinda,1999-11-23T00:00:00.0,3000-01-01T00:00:00.0
CI,OLP,32.60771,-116.93019,159.0,Otay Lakes Park,2001-01-10T00:00:00.0,3000-01-01T00:00:00.0
CI,OSI,34.6145,-118.7235,718.0,Osito Audit: Castaic Lake,1995-06-28T00:00:00.0,3000-01-01T00:00:00.0
CI,PALA,33.38905,-117.03182,552.0,Pala,2014-01-09T00:00:00.0,3000-01-01T00:00:00.0
CI,PAS,34.14844,-118.17117,314.0,Pasadena,1927-03-31T00:00:00.0,2006-10-30T22:18:00.0
CI,PASA,34.14844,-118.17113,307.8,Pasadena,1992-05-05T00:00:00.0,2006-10-31T00:00:00.0
CI,PASC,34.17141,-118.18523,341.0,Art Center College of Design (GSN-affiliate),2006-10-05T00:00:00.0,3000-01-01T00:00:00.0
CI,PDE,34.44199,-118.58215,328.0,Pardee,1999-09-23T00:00:00.0,3000-01-01T00:00:00.0
CI,PDM,34.30336,-114.14152,144.0,Parker,2001-09-20T00:00:00.0,3000-01-01T00:00:00.0
CI,PDR,33.96273,-118.43702,45.0,Playa Del Rey,2001-02-02T00:00:00.0,3000-01-01T00:00:00.0
CI,PDU,34.1207,-117.63808,445.0,Padua,1999-10-16T00:00:00.0,3000-01-01T00:00:00.0
CI,PER,33.86164,-117.20529,468.0,Lake Perris,2003-05-21T00:00:00.0,3000-01-01T00:00:00.0
CI,PFO,33.61164,-116.45858,1288.0,Pinyon Flats Observatory,1990-10-31T00:00:00.0,1998-01-06T00:00:00.0
CI,PHL,35.40773,-120.54556,355.0,Park Hill,1997-07-23T00:00:00.0,3000-01-01T00:00:00.0
CI,PLC,33.82436,-116.51195,130.0,Palm Spgs City Hall,1999-05-25T00:00:00.0,2008-06-17T16:23:23.0
CI,PLM,33.35361,-116.86265,1691.0,Palomar,1939-09-09T00:00:00.0,3000-01-01T00:00:00.0
CI,PLS,33.7953,-117.60906,1199.0,Pleasants Peak,1990-05-23T00:00:00.0,3000-01-01T00:00:00.0
CI,PMD,33.64785,-116.37769,296.0,Palm Desert,2005-05-07T00:45:00.0,3000-01-01T00:00:00.0
CI,POB2,33.68708,-116.92382,999.0,Polly Butte 2,2014-03-20T19:00:00.0,3000-01-01T00:00:00.0
CI,POR,36.10368,-119.00343,198.0,Porterville,2018-10-04T17:00:00.0,3000-01-01T00:00:00.0
CI,PSD,33.82393,-116.55026,144.0,Palm Springs Desert Museum,2005-04-13T23:13:00.0,3000-01-01T00:00:00.0
CI,PSR,34.09181,-117.80709,305.0,Puddingstone,2005-09-14T00:00:00.0,3000-01-01T00:00:00.0
CI,Q335,34.136187,-118.127443,232.0,sensor test site at B152 Seismolab,2016-07-01T00:00:00.0,2018-04-01T00:00:00.0
CI,QLC,35.04084,-119.97425,556.9,Quail Canyon,2016-05-02T00:00:00.0,3000-01-01T00:00:00.0
CI,RAG,34.68289,-116.15139,722.0,Ragtown,1999-07-20T00:00:00.0,3000-01-01T00:00:00.0
CI,RCR,33.36237,-116.3096,193.0,Rockhouse Canyon Road,2014-12-31T00:00:00.0,3000-01-01T00:00:00.0
CI,RCT,36.30523,-119.24384,107.0,Rector,1999-10-11T00:00:00.0,3000-01-01T00:00:00.0
CI,RFR,35.113583,-120.097209,386.3,Rock Front Ranch,2016-05-02T00:00:00.0,3000-01-01T00:00:00.0
CI,RHC2,34.00095,-118.01333,362.0,Rose Hills Cemetery 2,2014-01-14T22:00:00.0,3000-01-01T00:00:00.0
CI,RHR,33.290213,-117.176482,173.0,Rawhide Ranch,2017-03-16T00:00:00.0,3000-01-01T00:00:00.0
CI,RIN,34.28196,-118.47925,304.0,Rinaldi,1999-08-19T00:00:00.0,3000-01-01T00:00:00.0
CI,RIO,34.10473,-117.97956,118.0,Rio Hondo,1999-10-19T00:00:00.0,3000-01-01T00:00:00.0
CI,RKMO,33.67421,-117.60947,408.0,Ramakrishna Monastery,2013-11-14T00:00:00.0,3000-01-01T00:00:00.0
CI,RPV,33.74346,-118.40412,107.0,Rancho Palos Verdes,1993-05-12T00:00:00.0,3000-01-01T00:00:00.0
CI,RRX,34.87533,-116.99684,676.2,Barstow Service Center,2000-11-08T00:00:00.0,3000-01-01T00:00:00.0
CI,RSI,34.85191,-120.20868,181.3,Rancho Sisquoc,2017-01-24T00:00:00.0,3000-01-01T00:00:00.0
CI,RSS,33.97327,-117.32674,298.0,Riverside Surface,1999-05-27T00:00:00.0,3000-01-01T00:00:00.0
CI,RUN,32.97222,-114.97809,116.0,Ruthven,1973-03-31T00:00:00.0,3000-01-01T00:00:00.0
CI,RUS,34.05075,-118.08078,70.0,Rush,1998-05-29T00:00:00.0,3000-01-01T00:00:00.0
CI,RVR,33.99351,-117.37545,266.0,Riverside,1926-10-19T00:00:00.0,3000-01-01T00:00:00.0
CI,RXH,33.18313,-115.62257,-59.0,Rock Hill,2004-05-26T17:25:00.0,3000-01-01T00:00:00.0
CI,SAL,33.2801,-115.98585,14.0,Salton City,1999-05-25T00:00:00.0,3000-01-01T00:00:00.0
CI,SBB2,34.68844,-117.82424,825.0,Saddleback Butte State Park,2004-10-28T21:15:00.0,3000-01-01T00:00:00.0
CI,SBC,34.44076,-119.71492,94.0,Santa Barbara,1932-01-05T00:00:00.0,3000-01-01T00:00:00.0
CI,SBI,33.48046,-119.02986,41.0,Santa Barbara Island,2003-07-16T00:00:00.0,3000-01-01T00:00:00.0
CI,SBPX,34.2324,-117.23484,1860.0,Strawberry Peak,1996-06-12T00:00:00.0,3000-01-01T00:00:00.0
CI,SCI,32.9799,-118.54697,199.0,San Clemente Island,1966-06-14T00:00:00.0,2003-10-23T00:00:00.0
CI,SCI2,32.9799,-118.54697,199.0,San Clemente Island 2,2003-10-23T00:00:00.0,3000-01-01T00:00:00.0
CI,SCZ,33.99532,-119.63435,413.0,Santa Cruz Island,1999-03-12T00:00:00.0,2003-11-04T22:00:00.0
CI,SCZ2,33.99543,-119.6351,440.0,Santa Cruz Island 2,2003-11-04T00:00:00.0,3000-01-01T00:00:00.0
CI,SDD,33.55259,-117.66171,120.0,Saddleback,1999-04-20T00:00:00.0,3000-01-01T00:00:00.0
CI,SDG,32.784,-117.13805,101.0,San Diego Mission Control,2001-09-26T00:00:00.0,3000-01-01T00:00:00.0
CI,SDP,34.56547,-120.50137,631.0,Sudden Peak,2002-01-18T00:00:00.0,2006-08-15T18:49:00.0
CI,SDR,32.73561,-116.94241,113.0,San Diego Road Dept,2001-04-20T00:00:00.0,3000-01-01T00:00:00.0
CI,SES,34.43692,-119.1375,480.0,Summit Elementary School,2001-01-25T00:00:00.0,3000-01-01T00:00:00.0
CI,SGL,32.64933,-115.72638,75.0,Signal Mtn,1973-03-31T00:00:00.0,3000-01-01T00:00:00.0
CI,SHO,35.89953,-116.2753,451.0,Shoshone,1996-10-14T00:00:00.0,3000-01-01T00:00:00.0
CI,SLA,35.89095,-117.28332,1174.0,Slate Mountain,1999-03-09T00:00:00.0,3000-01-01T00:00:00.0
CI,SLB,33.48519,-115.86643,0.0,Salton Beach,2009-02-06T17:55:00.0,3000-01-01T00:00:00.0
CI,SLH,33.19269,-116.25399,208.0,Sleepy Hollow,2013-03-25T00:00:00.0,3000-01-01T00:00:00.0
CI,SLR,33.83359,-116.79737,1567.0,Skyland Ranch,2001-11-30T00:00:00.0,3000-01-01T00:00:00.0
CI,SLV,33.23854,-115.30436,254.6,Salvation Pass,2017-10-24T00:00:00.0,3000-01-01T00:00:00.0
CI,SMB,34.90218,-120.44709,74.0,Santa Maria Base,2001-09-20T00:00:00.0,2005-12-15T21:09:00.0
CI,SMF2,34.02201,-118.44627,52.2,Santa Monica Field 2,2012-07-05T00:00:00.0,3000-01-01T00:00:00.0
CI,SMI,34.03818,-120.35132,165.0,San Miguel Island,2010-07-01T00:00:00.0,3000-01-01T00:00:00.0
CI,SMM,35.3142,-119.99581,599.0,Simmler,1999-11-09T00:00:00.0,3000-01-01T00:00:00.0
CI,SMR,35.37699,-120.61247,341.0,Santa Margarita Ranch,2008-05-22T21:00:00.0,3000-01-01T00:00:00.0
CI,SMS,34.01438,-118.45617,43.0,Santa Monica Fire St,1997-06-18T00:00:00.0,2012-07-05T17:00:00.0
CI,SMTC,32.94892,-115.72031,39.0,Superstition Mountain,1993-07-07T00:00:00.0,1996-05-01T00:00:00.0
CI,SMW,35.01108,-120.40997,169.0,Santa Maria Wineman,2008-12-09T22:49:00.0,3000-01-01T00:00:00.0
CI,SNCC,33.24787,-119.52437,275.0,San Nicolas Island,1994-05-03T00:00:00.0,3000-01-01T00:00:00.0
CI,SND,35.14264,-118.30286,1294.0,Sand Canyon,1933-03-01T00:00:00.0,2002-04-30T06:39:18.0
CI,SNO,34.03515,-116.80778,2339.0,Snow Peak,2008-12-03T20:32:00.0,3000-01-01T00:00:00.0
CI,SNR,32.86184,-115.43602,-63.0,Schaffner Ranch,1973-05-01T00:00:00.0,3000-01-01T00:00:00.0
CI,SOC,33.38761,-117.58013,52.0,San Onofre Canyon,2015-06-29T00:00:00.0,3000-01-01T00:00:00.0
CI,SOF,33.37055,-117.5574,10.0,San Onofre,2012-09-25T00:00:00.0,2015-04-28T00:00:00.0
CI,SOT,34.416,-118.449,409.0,Solamint,1996-05-09T00:00:00.0,2001-11-14T00:00:00.0
CI,SPF,34.05933,-118.64614,470.0,Saddle Peak Fire Camp 8,2000-10-19T00:00:00.0,3000-01-01T00:00:00.0
CI,SPG,36.1355,-118.81099,314.0,Springville,1999-09-28T00:00:00.0,2005-12-05T22:36:14.0
CI,SPG2,36.20057,-118.76624,627.0,Springville 2,2005-12-06T00:00:00.0,3000-01-01T00:00:00.0
CI,SRA,34.60601,-115.94987,338.6,Siberia,2017-06-05T00:00:00.0,3000-01-01T00:00:00.0
CI,SRI,33.97875,-120.07886,392.0,Santa Rosa Island,2010-09-01T00:00:00.0,3000-01-01T00:00:00.0
CI,SRN,33.82854,-117.78938,208.0,Serrano,1999-11-15T00:00:00.0,3000-01-01T00:00:00.0
CI,SRT,35.69235,-117.75051,667.0,Snort,1982-07-31T00:00:00.0,3000-01-01T00:00:00.0
CI,SSW,33.17747,-115.61564,-64.0,Salton Sea Wildlife,1997-10-02T00:00:00.0,2004-06-10T16:44:00.0
CI,STC,34.30302,-119.18676,180.0,Santa Clara,1999-11-15T00:00:00.0,3000-01-01T00:00:00.0
CI,STG,33.664,-117.76856,49.0,Santiago,2000-01-24T00:00:00.0,3000-01-01T00:00:00.0
CI,STS,33.79033,-118.19878,4.0,State Street,1999-05-20T00:00:00.0,3000-01-01T00:00:00.0
CI,SVD,34.10647,-117.09822,605.0,Seven Oaks,1990-12-04T00:00:00.0,3000-01-01T00:00:00.0
CI,SWP,32.79184,-116.09718,265.0,Sweeney Pass,2013-10-29T00:00:00.0,3000-01-01T00:00:00.0
CI,SWS,32.94508,-115.79988,140.0,Sam W. Stewart,1997-09-20T00:00:00.0,3000-01-01T00:00:00.0
CI,SYN,34.60723,-120.0696,201.0,Santa Ynez FS #32,2013-12-04T00:00:00.0,3000-01-01T00:00:00.0
CI,SYP,34.52781,-119.97832,1278.0,Santa Ynez Peak,1967-06-07T00:00:00.0,3000-01-01T00:00:00.0
CI,TA2,34.38203,-117.67822,2249.0,Table Mountain,1997-02-06T00:00:00.0,3000-01-01T00:00:00.0
CI,TAB,34.38245,-117.68191,2274.0,Table Mountain,1989-11-30T00:00:00.0,2008-05-07T21:00:00.0
CI,TEH,35.2913,-118.42079,846.0,Cattani Ranch,2001-05-02T00:00:00.0,3000-01-01T00:00:00.0
CI,TER2,35.33233,-119.36238,80.0,Tule Elk Reserve,2019-07-11T22:00:00.0,3000-01-01T00:00:00.0
CI,TFT,35.14592,-119.41946,233.0,Taft,2001-10-30T00:00:00.0,3000-01-01T00:00:00.0
CI,THM,33.65066,-116.07734,60.0,Thermal Canyon,2009-03-10T20:48:00.0,3000-01-01T00:00:00.0
CI,THX,33.63495,-116.16402,-31.0,Thermal Airport,1999-01-27T00:00:00.0,2007-04-16T17:50:00.0
CI,TIN,37.05422,-118.23009,1197.0,Tinemaha,1932-01-01T00:00:00.0,3000-01-01T00:00:00.0
CI,TOR,33.57526,-116.22584,4.0,Toro Canyon,2007-04-30T00:00:00.0,3000-01-01T00:00:00.0
CI,TOV,34.15607,-118.82039,298.0,Thousand Oaks Ventura,1997-10-03T00:00:00.0,2007-03-09T18:25:00.0
CI,TOW2,35.80856,-117.76488,685.0,Tower 2,2014-07-10T00:00:00.0,3000-01-01T00:00:00.0
CI,TPO,34.87883,-118.22864,769.0,Tropico Hills,1976-05-10T00:00:00.0,3000-01-01T00:00:00.0
CI,TUQ,35.43584,-115.92389,1350.0,Turquoise Mountain,2002-05-02T00:00:00.0,3000-01-01T00:00:00.0
CI,USC,34.01919,-118.28631,58.0,Univ Southern Ca,1993-02-17T00:00:00.0,3000-01-01T00:00:00.0
CI,VCS,34.48372,-118.11781,992.0,Vincent,1997-09-09T00:00:00.0,3000-01-01T00:00:00.0
CI,VDJ,34.18986,-114.57145,284.6,Vidal Junction,2016-10-06T00:00:00.0,3000-01-01T00:00:00.0
CI,VES,35.84089,-119.08469,154.0,Vestal,1999-09-30T00:00:00.0,3000-01-01T00:00:00.0
CI,VOG,36.32098,-119.38226,90.0,Valley Oaks Golf Course,2011-05-26T00:00:00.0,3000-01-01T00:00:00.0
CI,VTV,34.56065,-117.3296,843.0,Victorville,1993-04-14T00:00:00.0,3000-01-01T00:00:00.0
CI,WAS2,35.7377,-118.55743,1828.0,Alta Sierra 2,2014-06-03T00:00:00.0,3000-01-01T00:00:00.0
CI,WBM,35.60839,-117.89049,892.0,Bowman Road,1979-09-26T00:00:00.0,3000-01-01T00:00:00.0
CI,WBP,35.87841,-118.07414,2494.6,Bear Peak,2017-07-25T00:00:00.0,3000-01-01T00:00:00.0
CI,WBS,35.53664,-118.14035,1927.0,Bird Spring,1980-04-22T00:00:00.0,3000-01-01T00:00:00.0
CI,WCS2,36.02521,-117.76526,1143.0,Coso Hot Springs 2,2014-07-14T00:00:00.0,3000-01-01T00:00:00.0
CI,WER,35.06053,-119.02711,130.0,Wheeler Ridge,2001-10-30T00:00:00.0,2004-07-09T13:45:00.0
CI,WES,32.75904,-115.73161,-8.0,Westside Elementary School,2001-01-23T00:00:00.0,3000-01-01T00:00:00.0
CI,WGR,34.51085,-119.27407,554.0,Wheeler Gorge Ranger Station,2001-08-01T00:00:00.0,3000-01-01T00:00:00.0
CI,WHF,35.69513,-118.35183,859.0,Hanning Flat,1979-05-23T00:00:00.0,3000-01-01T00:00:00.0
CI,WLH2,36.152072,-118.313186,2672.0,Little Horse 2,2014-06-04T00:00:00.0,3000-01-01T00:00:00.0
CI,WLT,34.00948,-117.95077,107.0,Walnut,1999-11-15T00:00:00.0,3000-01-01T00:00:00.0
CI,WMD,33.03826,-115.58191,-45.0,Westmorland,2013-05-08T00:00:00.0,3000-01-01T00:00:00.0
CI,WMF,36.11758,-117.85486,1537.4,Mccloud Flat,2016-07-13T20:00:00.0,3000-01-01T00:00:00.0
CI,WOR,35.69563,-118.24246,795.0,Onyx Ranch,1979-05-23T00:00:00.0,3000-01-01T00:00:00.0
CI,WRC2,35.9479,-117.65038,943.0,Renegade Canyon,2014-07-09T00:00:00.0,3000-01-01T00:00:00.0
CI,WSS,34.1717,-118.64971,316.0,West Side,2000-11-21T00:00:00.0,3000-01-01T00:00:00.0
CI,WTT,33.94869,-118.25547,37.0,Watts,2000-02-15T23:59:00.0,2011-01-05T00:00:00.0
CI,WTT2,33.94867,-118.25539,37.0,Watts,2011-01-05T00:00:00.0,3000-01-01T00:00:00.0
CI,WWC,33.94068,-116.40876,619.0,West Wide Canyon,2009-04-01T20:00:00.0,3000-01-01T00:00:00.0
CI,WWF,33.27884,-115.57888,-61.0,Wister Waterfowl,2014-02-10T00:00:00.0,3000-01-01T00:00:00.0
CI,YEG2,35.43831,-119.96306,963.0,Yeguas Mtn. 2,2016-04-25T00:00:00.0,3000-01-01T00:00:00.0
CI,YUH2,32.64752,-115.92227,184.0,Yuha Desert,2014-04-29T18:00:00.0,3000-01-01T00:00:00.0
NN,BEK,39.8666,-120.359596,1743.0,"Beckworth, California w84",2599-12-31T23:59:59.0,3000-01-01T00:00:00.0
NN,BRH5,39.054401,-118.035599,1603.0,"Broken Hills, NV, USA",2599-12-31T23:59:59.0,3000-01-01T00:00:00.0
NN,BRS2,38.526402,-117.6306,1732.0,"Black Rock Springs, NV, USA",2599-12-31T23:59:59.0,3000-01-01T00:00:00.0
NN,CMK6,39.3102,-118.119301,1332.0,"Chalk Mountain, Churchill County, NV, USA",2599-12-31T23:59:59.0,3000-01-01T00:00:00.0
NN,CTC,39.207699,-120.125999,2147.0,N. Tahoe City Carnelian Bay,2599-12-31T23:59:59.0,3000-01-01T00:00:00.0
NN,DSP,37.368,-117.972198,1692.0,"Deep Springs, California w84gm",2599-12-31T23:59:59.0,3000-01-01T00:00:00.0
NN,HYDE,36.1609,-115.1931,657.0,"Hyde High School, LLNL/ANSS BB+SM w84",2599-12-31T23:59:59.0,3000-01-01T00:00:00.0
NN,ION4,38.885101,-117.737999,1972.0,"Ione, NV, USA",2599-12-31T23:59:59.0,3000-01-01T00:00:00.0
NN,KVN,39.048401,-118.101196,1829.0,"Kaiserville, Nevada w84gm",2599-12-31T23:59:59.0,3000-01-01T00:00:00.0
NN,MOHS,36.2547,-115.138397,623.0,"Mojave High School, LLNL/ANSS BB+SM w84gm",2599-12-31T23:59:59.0,3000-01-01T00:00:00.0
NN,MPK,39.292801,-120.0364,2599.0,"Martis Peak, California w84gm",2599-12-31T23:59:59.0,3000-01-01T00:00:00.0
NN,MZPB,37.700802,-117.383797,2371.0,"Montezuma,NV,USA analog reactivation",2599-12-31T23:59:59.0,3000-01-01T00:00:00.0
NN,OUT1,38.326801,-117.515701,1652.0,"Outlaw Springs Mine, Nye County, NV, USA",2599-12-31T23:59:59.0,3000-01-01T00:00:00.0
NN,PAH,39.710602,-119.385399,1520.0,"Pah Rah Range, Nevada w84gm",2599-12-31T23:59:59.0,3000-01-01T00:00:00.0
NN,PIO,37.947201,-114.491402,1887.0,"Pioche, NV, USA - NN reactivation",2599-12-31T23:59:59.0,3000-01-01T00:00:00.0
NN,PRN,37.406502,-115.051201,1464.0,"Pahroc Range, Nevada. (GPS 12/04/2000) w84",2599-12-31T23:59:59.0,3000-01-01T00:00:00.0
NN,Q09A,38.834,-117.181602,1703.5,"Carvers, NV, USA - NN reactivation",2599-12-31T23:59:59.0,3000-01-01T00:00:00.0
NN,Q11A,38.845501,-115.654099,1562.0,"Duckwater, NV, USA - NN reactivation",2020-10-14T23:59:59.0,3000-01-01T00:00:00.0
NN,Q12A,39.040001,-114.829903,1625.0,"Willow Creek Ranch, Ely, NV, USA - NN reactivation",2599-12-31T23:59:59.0,3000-01-01T00:00:00.0
NN,R09A,38.2397,-117.0718,1759.0,"Junk Yard, Tonopah, NV, USA - NN reactivation",2599-12-31T23:59:59.0,3000-01-01T00:00:00.0
NN,R10A,38.288601,-116.302101,1600.0,"Warm Springs, NV, USA - NN reactivation",2599-12-31T23:59:59.0,3000-01-01T00:00:00.0
NN,R11B,38.3489,-115.585403,1767.0,"Troy Canyon, Currant, NV, USA",2599-12-31T23:59:59.0,3000-01-01T00:00:00.0
NN,RUB,39.051701,-120.1549,2045.2,"Rubicon Trail, California w84",2599-12-31T23:59:59.0,3000-01-01T00:00:00.0
NN,RYN,38.628101,-118.522301,1651.0,"Ryan, Nevada w84,gps",2599-12-31T23:59:59.0,3000-01-01T00:00:00.0
NN,S11A,37.644402,-115.7472,1456.0,"Rachel, NV, USA - NN reactivation",2599-12-31T23:59:59.0,3000-01-01T00:00:00.0
NN,SHP,36.5047,-115.1567,1632.0,"Sheep Range, Nevada w84gm",2599-12-31T23:59:59.0,3000-01-01T00:00:00.0
NN,SPR3,38.998901,-114.331398,2815.0,"Spring Creek 3, Nevada",2599-12-31T23:59:59.0,3000-01-01T00:00:00.0
NN,SRV4,39.8643,-119.961601,1507.0,"Sierraville 4, wgs84",2599-12-31T23:59:59.0,3000-01-01T00:00:00.0
NN,STHB,36.645401,-116.338799,1052.0,"Striped Hills, NV, USA analog reactivation",2599-12-31T23:59:59.0,3000-01-01T00:00:00.0
NN,TBRD,39.173199,-119.930901,1952.0,"Thunderbird Lodge, Lake Tahoe, NV",2599-12-31T23:59:59.0,3000-01-01T00:00:00.0
NN,UNVG,36.1106,-115.1446,619.0,"UNLV greenhouse area, Las Vegas Valley",2599-12-31T23:59:59.0,3000-01-01T00:00:00.0
NN,V12A,35.726601,-114.851097,1098.0,"Nelson, NV, USA - NN reactivation",2599-12-31T23:59:59.0,3000-01-01T00:00:00.0
NN,VCN,39.295601,-119.650299,1928.0,"Virginia City, Nevada gps",2599-12-31T23:59:59.0,3000-01-01T00:00:00.0
NN,WAK,38.504299,-119.438202,1890.0,"Walker, California w84",2599-12-31T23:59:59.0,3000-01-01T00:00:00.0
NN,WAR3,38.6091,-117.834801,1901.0,"Warrior Mine, Nye County, NV, USA",2599-12-31T23:59:59.0,3000-01-01T00:00:00.0
NN,WDEM,39.584099,-119.809898,1572.0,"Washoe County DEM, Nevada",2599-12-31T23:59:59.0,3000-01-01T00:00:00.0
NN,WLDB,36.792702,-116.626602,955.0,"Wildcat Mountain, NV, USA analog reactivation",2599-12-31T23:59:59.0,3000-01-01T00:00:00.0
NN,WTNK,36.1917,-115.010597,676.0,7433 Soaring Heights w84gm,2599-12-31T23:59:59.0,3000-01-01T00:00:00.0
NN,YER,38.985199,-119.240601,1857.0,"Yerington, Nevada w84gm",2599-12-31T23:59:59.0,3000-01-01T00:00:00.0
NN,ZPR,39.0131,-119.937599,2001.0,"Zephyr Cove, Lake Tahoe, Nevada",2599-12-31T23:59:59.0,3000-01-01T00:00:00.0
NP,ELK,38.373493,-121.362129,14.0,Elk Grove,2599-12-31T23:59:59.0,3000-01-01T00:00:00.0
NP,EMR,38.060509,-121.499298,2.0,Eight Mile Road,2015-07-28T18:50:00.0,2015-07-30T23:59:00.0
NP,KIR,38.05513,-121.458206,5.0,King Island Resort,2599-12-31T23:59:59.0,3000-01-01T00:00:00.0
NP,PLA,37.798672,-121.46315,-18.0,Platti Road,2599-12-31T23:59:59.0,3000-01-01T00:00:00.0
SN,HEL,36.724602,-116.975899,747.0,"Hell's Gate, California w84",2599-12-31T23:59:59.0,3000-01-01T00:00:00.0
SN,JFR2,36.687698,-116.152603,1092.0,Rock Valley SPE near JFR analog,2599-12-31T23:59:59.0,3000-01-01T00:00:00.0
SN,MCY,36.661755,-115.962296,1250.7,Mercury Rock Valley,2599-12-31T23:59:59.0,3000-01-01T00:00:00.0
SN,RVFF,36.7285,-115.985397,1079.0,Rock Valley Frenchman Flat,2599-12-31T23:59:59.0,3000-01-01T00:00:00.0
SN,RVNE,36.7607,-116.1054,1323.0,"Rock Valley SPE, Northeast, wgs84",2599-12-31T23:59:59.0,3000-01-01T00:00:00.0
SN,RVSE,36.6959,-116.098396,1157.0,"Rock Valley SPE, Southeast, wgs84",2599-12-31T23:59:59.0,3000-01-01T00:00:00.0
SN,S13A,37.580898,-113.860397,1702.0,"Holt Ranch, Enterprise UT - SN reactivation",2599-12-31T23:59:59.0,3000-01-01T00:00:00.0
SN,SPRS,36.688202,-116.178101,1092.0,Specter Range SM and Rock Valley SPE wgs84,2599-12-31T23:59:59.0,3000-01-01T00:00:00.0
SN,TPW,36.9016,-116.2528,1573.0,"Topopah Wash, NTS, Nevada w84",2599-12-31T23:59:59.0,3000-01-01T00:00:00.0
SN,WG01,37.3144,-115.293999,1755.0,SN NNSS-SPE Weston relocation XA_AZ10,2599-12-31T23:59:59.0,3000-01-01T00:00:00.0
SN,WG03,37.090099,-114.818604,983.0,SN NNSS-SPE Weston relocation XA_AZ08,2599-12-31T23:59:59.0,3000-01-01T00:00:00.0
SN,WG04,37.131401,-114.712601,1069.0,SN NNSS-SPE Weston relocation XA_AZ07,2599-12-31T23:59:59.0,3000-01-01T00:00:00.0
SN,WG05,37.0769,-114.3395,940.0,SN NNSS-SPE Weston relocation XA_AZ06,2599-12-31T23:59:59.0,3000-01-01T00:00:00.0
SN,WG06,37.181301,-114.141998,1131.0,SN NNSS-SPE Weston relocation XA_AZ05,2599-12-31T23:59:59.0,3000-01-01T00:00:00.0
SN,WG07,37.0341,-113.860901,1141.0,SN NNSS-SPE Weston relocation XA_AZ04,2599-12-31T23:59:59.0,3000-01-01T00:00:00.0
